from,to,distance,time,cost,transfers,mode,from_lat,from_lon,to_lat,to_lon,from_name,to_name
ASEAN MRT,Blok M MRT,1100,2,14,0,MRT/LRT,-6.2376,106.798,-6.2441,106.799,ASEAN MRT (Jakarta Selatan),Blok M MRT (Jakarta Selatan)
ASEAN MRT,Blok M MRT,1100,2,14,0,MRT/LRT,-6.2376,106.798,-6.2441,106.799,ASEAN MRT (Jakarta Selatan),Blok M MRT (Jakarta Selatan)
ASEAN MRT,Senayan MRT,1200,2,14,0,MRT/LRT,-6.2376,106.798,-6.2296,106.802,ASEAN MRT (Jakarta Selatan),Senayan MRT (Jakarta Selatan)
ASEAN MRT,Senayan MRT,1200,2,14,0,MRT/LRT,-6.2376,106.798,-6.2296,106.802,ASEAN MRT (Jakarta Selatan),Senayan MRT (Jakarta Selatan)
Airport,Bundaran HI,30000,60,50,1,airport_express,-6.125,106.656,-6.1944,106.823,Bandara Soekarno-Hatta,Bundaran HI (Jakarta Pusat)
Ancol,Kampung Bandan,3500,10,3.5,0,TransJakarta,-6.1234,106.846,-6.1289,106.828,Ancol (Jakarta Utara),Kampung Bandan (Jakarta Utara)
Ancol,Kampung Bandan,3500,10,3.5,0,TransJakarta,-6.1234,106.846,-6.1289,106.828,Ancol (Jakarta Utara),Kampung Bandan (Jakarta Utara)
Ancol,Ancol KRL,300,3,0,0,TransJakarta,-6.1234,106.846,-6.1234,106.846,Ancol (Jakarta Utara),Ancol KRL (Jakarta Utara)
Ancol,Ancol KRL,300,3,0,0,TransJakarta,-6.1234,106.846,-6.1234,106.846,Ancol (Jakarta Utara),Ancol KRL (Jakarta Utara)
Ancol,Ancol Dreamland,1500,8,3,1,TransJakarta+Transfer,-6.1234,106.846,-6.1234,106.846,Ancol (Jakarta Utara),Ancol Dreamland (Jakarta Utara)
Ancol,Ancol Dreamland,1500,8,3,1,TransJakarta+Transfer,-6.1234,106.846,-6.1234,106.846,Ancol (Jakarta Utara),Ancol Dreamland (Jakarta Utara)
Ancol,Pluit,6500,20,5,1,TransJakarta+Transfer,-6.1234,106.846,-6.1234,106.783,Ancol (Jakarta Utara),Pluit (Jakarta Utara)
Ancol,Pluit,6500,20,5,1,TransJakarta+Transfer,-6.1234,106.846,-6.1234,106.783,Ancol (Jakarta Utara),Pluit (Jakarta Utara)
Ancol Dreamland,Ancol,1500,8,3,1,TransJakarta+Transfer,-6.1234,106.846,-6.1234,106.846,Ancol Dreamland (Jakarta Utara),Ancol (Jakarta Utara)
Ancol Dreamland,Ancol,1500,8,3,1,TransJakarta+Transfer,-6.1234,106.846,-6.1234,106.846,Ancol Dreamland (Jakarta Utara),Ancol (Jakarta Utara)
Ancol KRL,Kampung Bandan KRL,3500,6,3,0,TransJakarta,-6.1234,106.846,-6.1289,106.828,Ancol KRL (Jakarta Utara),Kampung Bandan KRL (Jakarta Utara)
Ancol KRL,Kampung Bandan KRL,3500,6,3,0,TransJakarta,-6.1234,106.846,-6.1289,106.828,Ancol KRL (Jakarta Utara),Kampung Bandan KRL (Jakarta Utara)
Ancol KRL,Tanjung Priok,4200,8,3,0,TransJakarta,-6.1234,106.846,-6.1123,106.879,Ancol KRL (Jakarta Utara),Tanjung Priok (Jakarta Utara)
Ancol KRL,Tanjung Priok,4200,8,3,0,TransJakarta,-6.1234,106.846,-6.1123,106.879,Ancol KRL (Jakarta Utara),Tanjung Priok (Jakarta Utara)
Ancol KRL,Ancol,300,3,0,0,TransJakarta,-6.1234,106.846,-6.1234,106.846,Ancol KRL (Jakarta Utara),Ancol (Jakarta Utara)
Ancol KRL,Ancol,300,3,0,0,TransJakarta,-6.1234,106.846,-6.1234,106.846,Ancol KRL (Jakarta Utara),Ancol (Jakarta Utara)
Balai Kota DKI,Harmoni,2500,10,3.5,1,TransJakarta+Transfer,-6.1711,106.826,-6.1652,106.813,Balai Kota DKI (Jakarta Pusat),Harmoni (Jakarta Pusat)
Balai Kota DKI,Harmoni,2500,10,3.5,1,TransJakarta+Transfer,-6.1711,106.826,-6.1652,106.813,Balai Kota DKI (Jakarta Pusat),Harmoni (Jakarta Pusat)
Bendungan Hilir MRT,Istora Mandiri MRT,1800,3,14,0,MRT/LRT,-6.2011,106.819,-6.2176,106.808,Bendungan Hilir MRT (Jakarta Pusat),Istora Mandiri MRT (Jakarta Pusat)
Bendungan Hilir MRT,Istora Mandiri MRT,1800,3,14,0,MRT/LRT,-6.2011,106.819,-6.2176,106.808,Bendungan Hilir MRT (Jakarta Pusat),Istora Mandiri MRT (Jakarta Pusat)
Bendungan Hilir MRT,Setiabudi Astra MRT,2000,4,14,0,MRT/LRT,-6.2011,106.819,-6.2139,106.826,Bendungan Hilir MRT (Jakarta Pusat),Setiabudi Astra MRT (Jakarta Selatan)
Bendungan Hilir MRT,Setiabudi Astra MRT,2000,4,14,0,MRT/LRT,-6.2011,106.819,-6.2139,106.826,Bendungan Hilir MRT (Jakarta Pusat),Setiabudi Astra MRT (Jakarta Selatan)
Blok A,Haji Nawi,1200,2,14,0,MRT/LRT,-6.2339,106.805,-6.2435,106.799,Blok A (Jakarta Selatan),Haji Nawi (Jakarta Selatan)
Blok A,Haji Nawi,1200,2,14,0,MRT/LRT,-6.2339,106.805,-6.2435,106.799,Blok A (Jakarta Selatan),Haji Nawi (Jakarta Selatan)
Blok A,Blok M MRT,1000,2,14,0,MRT/LRT,-6.2339,106.805,-6.2441,106.799,Blok A (Jakarta Selatan),Blok M MRT (Jakarta Selatan)
Blok A,Blok M MRT,1000,2,14,0,MRT/LRT,-6.2339,106.805,-6.2441,106.799,Blok A (Jakarta Selatan),Blok M MRT (Jakarta Selatan)
Blok M,Senayan,3000,9,3.5,0,TransJakarta,-6.2441,106.799,-6.2296,106.802,Blok M (Jakarta Selatan),Senayan (Jakarta Selatan)
Blok M,Senayan,3000,9,3.5,0,TransJakarta,-6.2441,106.799,-6.2296,106.802,Blok M (Jakarta Selatan),Senayan (Jakarta Selatan)
Blok M,Ragunan Zoo,6500,18,3.5,0,TransJakarta,-6.2441,106.799,-6.3123,106.823,Blok M (Jakarta Selatan),Ragunan Zoo (Jakarta Selatan)
Blok M,Ragunan Zoo,6500,18,3.5,0,TransJakarta,-6.2441,106.799,-6.3123,106.823,Blok M (Jakarta Selatan),Ragunan Zoo (Jakarta Selatan)
Blok M,Blok M MRT,200,2,0,0,TransJakarta,-6.2441,106.799,-6.2441,106.799,Blok M (Jakarta Selatan),Blok M MRT (Jakarta Selatan)
Blok M,Blok M MRT,200,2,0,0,TransJakarta,-6.2441,106.799,-6.2441,106.799,Blok M (Jakarta Selatan),Blok M MRT (Jakarta Selatan)
Blok M,Pasar Mayestik,1200,8,2,1,TransJakarta+Transfer,-6.2441,106.799,-6.2423,106.783,Blok M (Jakarta Selatan),Pasar Mayestik (Jakarta Selatan)
Blok M,Pasar Mayestik,1200,8,2,1,TransJakarta+Transfer,-6.2441,106.799,-6.2423,106.783,Blok M (Jakarta Selatan),Pasar Mayestik (Jakarta Selatan)
Blok M,Terminal Blok M,400,4,1.5,1,TransJakarta+Transfer,-6.2441,106.799,-6.2441,106.799,Blok M (Jakarta Selatan),Terminal Blok M (Jakarta Selatan)
Blok M,Terminal Blok M,400,4,1.5,1,TransJakarta+Transfer,-6.2441,106.799,-6.2441,106.799,Blok M (Jakarta Selatan),Terminal Blok M (Jakarta Selatan)
Blok M,Kebayoran Baru,2200,10,3,1,TransJakarta+Transfer,-6.2441,106.799,-6.2423,106.794,Blok M (Jakarta Selatan),Kebayoran Baru (Jakarta Selatan)
Blok M,Kebayoran Baru,2200,10,3,1,TransJakarta+Transfer,-6.2441,106.799,-6.2423,106.794,Blok M (Jakarta Selatan),Kebayoran Baru (Jakarta Selatan)
Blok M MRT,Blok A,1000,2,14,0,MRT/LRT,-6.2441,106.799,-6.2339,106.805,Blok M MRT (Jakarta Selatan),Blok A (Jakarta Selatan)
Blok M MRT,Blok A,1000,2,14,0,MRT/LRT,-6.2441,106.799,-6.2339,106.805,Blok M MRT (Jakarta Selatan),Blok A (Jakarta Selatan)
Blok M MRT,ASEAN MRT,1100,2,14,0,MRT/LRT,-6.2441,106.799,-6.2376,106.798,Blok M MRT (Jakarta Selatan),ASEAN MRT (Jakarta Selatan)
Blok M MRT,ASEAN MRT,1100,2,14,0,MRT/LRT,-6.2441,106.799,-6.2376,106.798,Blok M MRT (Jakarta Selatan),ASEAN MRT (Jakarta Selatan)
Blok M MRT,Blok M,200,2,0,0,TransJakarta,-6.2441,106.799,-6.2441,106.799,Blok M MRT (Jakarta Selatan),Blok M (Jakarta Selatan)
Blok M MRT,Blok M,200,2,0,0,TransJakarta,-6.2441,106.799,-6.2441,106.799,Blok M MRT (Jakarta Selatan),Blok M (Jakarta Selatan)
Boulevard Selatan LRT,Boulevard Utara LRT,1200,2,5,0,TransJakarta,-6.1945,106.879,-6.1889,106.877,Boulevard Selatan LRT (Jakarta Timur),Boulevard Utara LRT (Jakarta Timur)
Boulevard Selatan LRT,Boulevard Utara LRT,1200,2,5,0,TransJakarta,-6.1945,106.879,-6.1889,106.877,Boulevard Selatan LRT (Jakarta Timur),Boulevard Utara LRT (Jakarta Timur)
Boulevard Selatan LRT,Pegangsaan Dua LRT,3200,6,5,0,TransJakarta,-6.1945,106.879,-6.1734,106.882,Boulevard Selatan LRT (Jakarta Timur),Pegangsaan Dua LRT (Jakarta Utara)
Boulevard Selatan LRT,Pegangsaan Dua LRT,3200,6,5,0,TransJakarta,-6.1945,106.879,-6.1734,106.882,Boulevard Selatan LRT (Jakarta Timur),Pegangsaan Dua LRT (Jakarta Utara)
Boulevard Utara LRT,Velodrome LRT,2800,5,5,0,TransJakarta,-6.1889,106.877,-6.2189,106.866,Boulevard Utara LRT (Jakarta Timur),Velodrome LRT (Jakarta Timur)
Boulevard Utara LRT,Velodrome LRT,2800,5,5,0,TransJakarta,-6.1889,106.877,-6.2189,106.866,Boulevard Utara LRT (Jakarta Timur),Velodrome LRT (Jakarta Timur)
Boulevard Utara LRT,Boulevard Selatan LRT,1200,2,5,0,TransJakarta,-6.1889,106.877,-6.1945,106.879,Boulevard Utara LRT (Jakarta Timur),Boulevard Selatan LRT (Jakarta Timur)
Boulevard Utara LRT,Boulevard Selatan LRT,1200,2,5,0,TransJakarta,-6.1889,106.877,-6.1945,106.879,Boulevard Utara LRT (Jakarta Timur),Boulevard Selatan LRT (Jakarta Timur)
Buaran,Klender,3500,6,3,0,TransJakarta,-6.2156,106.912,-6.2234,106.901,Buaran (Jakarta Timur),Klender (Jakarta Timur)
Buaran,Klender,3500,6,3,0,TransJakarta,-6.2156,106.912,-6.2234,106.901,Buaran (Jakarta Timur),Klender (Jakarta Timur)
Buaran,Klender Baru,2800,5,3,0,TransJakarta,-6.2156,106.912,-6.2289,106.923,Buaran (Jakarta Timur),Klender Baru (Jakarta Timur)
Buaran,Klender Baru,2800,5,3,0,TransJakarta,-6.2156,106.912,-6.2289,106.923,Buaran (Jakarta Timur),Klender Baru (Jakarta Timur)
Bundaran HI,Senayan,4500,12,3.5,0,TransJakarta,-6.1944,106.823,-6.2296,106.802,Bundaran HI (Jakarta Pusat),Senayan (Jakarta Selatan)
Bundaran HI,Senayan,4500,12,3.5,0,TransJakarta,-6.1944,106.823,-6.2296,106.802,Bundaran HI (Jakarta Pusat),Senayan (Jakarta Selatan)
Bundaran HI,Monas,2500,7,3.5,0,TransJakarta,-6.1944,106.823,-6.1751,106.827,Bundaran HI (Jakarta Pusat),Monas (Jakarta Pusat)
Bundaran HI,Monas,2500,7,3.5,0,TransJakarta,-6.1944,106.823,-6.1751,106.827,Bundaran HI (Jakarta Pusat),Monas (Jakarta Pusat)
Bundaran HI,Bundaran HI MRT,250,2,0,0,TransJakarta,-6.1944,106.823,-6.1944,106.823,Bundaran HI (Jakarta Pusat),Bundaran HI MRT (Jakarta Pusat)
Bundaran HI,Bundaran HI MRT,250,2,0,0,TransJakarta,-6.1944,106.823,-6.1944,106.823,Bundaran HI (Jakarta Pusat),Bundaran HI MRT (Jakarta Pusat)
Bundaran HI,Grand Indonesia,500,5,0,1,TransJakarta+Transfer,-6.1944,106.823,-6.1944,106.823,Bundaran HI (Jakarta Pusat),Grand Indonesia (Jakarta Pusat)
Bundaran HI,Grand Indonesia,500,5,0,1,TransJakarta+Transfer,-6.1944,106.823,-6.1944,106.823,Bundaran HI (Jakarta Pusat),Grand Indonesia (Jakarta Pusat)
Bundaran HI,Plaza Indonesia,400,4,0,1,TransJakarta+Transfer,-6.1944,106.823,-6.1933,106.822,Bundaran HI (Jakarta Pusat),Plaza Indonesia (Jakarta Pusat)
Bundaran HI,Plaza Indonesia,400,4,0,1,TransJakarta+Transfer,-6.1944,106.823,-6.1933,106.822,Bundaran HI (Jakarta Pusat),Plaza Indonesia (Jakarta Pusat)
Bundaran HI,Lotte Shopping Avenue,800,6,0,1,TransJakarta+Transfer,-6.1944,106.823,-6.2189,106.823,Bundaran HI (Jakarta Pusat),Lotte Shopping Avenue (Jakarta Pusat)
Bundaran HI,Lotte Shopping Avenue,800,6,0,1,TransJakarta+Transfer,-6.1944,106.823,-6.2189,106.823,Bundaran HI (Jakarta Pusat),Lotte Shopping Avenue (Jakarta Pusat)
Bundaran HI,Thamrin CBD,600,5,2.5,1,TransJakarta+Transfer,-6.1944,106.823,-6.1889,106.823,Bundaran HI (Jakarta Pusat),Thamrin CBD (Jakarta Pusat)
Bundaran HI,Thamrin CBD,600,5,2.5,1,TransJakarta+Transfer,-6.1944,106.823,-6.1889,106.823,Bundaran HI (Jakarta Pusat),Thamrin CBD (Jakarta Pusat)
Bundaran HI,Menteng,2800,12,3.5,1,TransJakarta+Transfer,-6.1944,106.823,-6.1845,106.835,Bundaran HI (Jakarta Pusat),Menteng (Jakarta Pusat)
Bundaran HI,Menteng,2800,12,3.5,1,TransJakarta+Transfer,-6.1944,106.823,-6.1845,106.835,Bundaran HI (Jakarta Pusat),Menteng (Jakarta Pusat)
Bundaran HI,Airport,30000,60,50,1,airport_express,-6.1944,106.823,-6.125,106.656,Bundaran HI (Jakarta Pusat),Bandara Soekarno-Hatta
Bundaran HI MRT,Dukuh Atas MRT,1800,3,14,0,MRT/LRT,-6.1944,106.823,-6.2088,106.823,Bundaran HI MRT (Jakarta Pusat),Dukuh Atas MRT (Jakarta Pusat)
Bundaran HI MRT,Dukuh Atas MRT,1800,3,14,0,MRT/LRT,-6.1944,106.823,-6.2088,106.823,Bundaran HI MRT (Jakarta Pusat),Dukuh Atas MRT (Jakarta Pusat)
Bundaran HI MRT,Bundaran HI,250,2,0,0,TransJakarta,-6.1944,106.823,-6.1944,106.823,Bundaran HI MRT (Jakarta Pusat),Bundaran HI (Jakarta Pusat)
Bundaran HI MRT,Bundaran HI,250,2,0,0,TransJakarta,-6.1944,106.823,-6.1944,106.823,Bundaran HI MRT (Jakarta Pusat),Bundaran HI (Jakarta Pusat)
Cakung,Klender Baru,4500,8,3,0,TransJakarta,-6.1834,106.946,-6.2289,106.923,Cakung (Jakarta Timur),Klender Baru (Jakarta Timur)
Cakung,Klender Baru,4500,8,3,0,TransJakarta,-6.1834,106.946,-6.2289,106.923,Cakung (Jakarta Timur),Klender Baru (Jakarta Timur)
Cawang,Kampung Melayu,3500,10,3.5,0,TransJakarta,-6.2411,106.874,-6.2234,106.859,Cawang (Jakarta Timur),Kampung Melayu (Jakarta Timur)
Cawang,Kampung Melayu,3500,10,3.5,0,TransJakarta,-6.2411,106.874,-6.2234,106.859,Cawang (Jakarta Timur),Kampung Melayu (Jakarta Timur)
Cawang,Dukuh Atas,7500,18,3.5,1,TransJakarta+Transfer,-6.2411,106.874,-6.2088,106.823,Cawang (Jakarta Timur),Dukuh Atas (Jakarta Pusat)
Cawang,Dukuh Atas,7500,18,3.5,1,TransJakarta+Transfer,-6.2411,106.874,-6.2088,106.823,Cawang (Jakarta Timur),Dukuh Atas (Jakarta Pusat)
Cawang,RSUD Pasar Rebo,6500,22,6,1,TransJakarta+Transfer,-6.2411,106.874,-6.2789,106.893,Cawang (Jakarta Timur),RSUD Pasar Rebo (Jakarta Timur)
Cawang,RSUD Pasar Rebo,6500,22,6,1,TransJakarta+Transfer,-6.2411,106.874,-6.2789,106.893,Cawang (Jakarta Timur),RSUD Pasar Rebo (Jakarta Timur)
Cawang,Halim Perdanakusuma Airport,8500,25,15,1,MRT/LRT,-6.2411,106.874,-6.2667,106.891,Cawang (Jakarta Timur),Halim Perdanakusuma Airport (Jakarta Timur)
Cawang,Halim Perdanakusuma Airport,8500,25,15,1,MRT/LRT,-6.2411,106.874,-6.2667,106.891,Cawang (Jakarta Timur),Halim Perdanakusuma Airport (Jakarta Timur)
Cawang,Pasar Rebo,4500,18,3.5,1,TransJakarta+Transfer,-6.2411,106.874,-6.2789,106.893,Cawang (Jakarta Timur),Pasar Rebo (Jakarta Timur)
Cawang,Pasar Rebo,4500,18,3.5,1,TransJakarta+Transfer,-6.2411,106.874,-6.2789,106.893,Cawang (Jakarta Timur),Pasar Rebo (Jakarta Timur)
Cawang,Terminal Pinang Ranti,4200,15,4,1,TransJakarta+Transfer,-6.2411,106.874,-6.2567,106.894,Cawang (Jakarta Timur),Terminal Pinang Ranti (Jakarta Timur)
Cawang,Terminal Pinang Ranti,4200,15,4,1,TransJakarta+Transfer,-6.2411,106.874,-6.2567,106.894,Cawang (Jakarta Timur),Terminal Pinang Ranti (Jakarta Timur)
Cawang,Terminal Cililitan,3500,12,3,1,TransJakarta+Transfer,-6.2411,106.874,-6.2567,106.873,Cawang (Jakarta Timur),Terminal Cililitan (Jakarta Timur)
Cawang,Terminal Cililitan,3500,12,3,1,TransJakarta+Transfer,-6.2411,106.874,-6.2567,106.873,Cawang (Jakarta Timur),Terminal Cililitan (Jakarta Timur)
Cengkareng,Grogol,8500,15,3,0,TransJakarta,-6.1345,106.746,-6.1567,106.789,Cengkareng (Jakarta Barat),Grogol (Jakarta Barat)
Cengkareng,Grogol,8500,15,3,0,TransJakarta,-6.1345,106.746,-6.1567,106.789,Cengkareng (Jakarta Barat),Grogol (Jakarta Barat)
Cengkareng,Soekarno Hatta Airport,15000,35,25,1,MRT/LRT,-6.1345,106.746,-6.1256,106.656,Cengkareng (Jakarta Barat),Soekarno Hatta Airport (Tangerang)
Cengkareng,Soekarno Hatta Airport,15000,35,25,1,MRT/LRT,-6.1345,106.746,-6.1256,106.656,Cengkareng (Jakarta Barat),Soekarno Hatta Airport (Tangerang)
Central Park Mall,Grogol,1200,12,0,1,TransJakarta+Transfer,-6.1745,106.792,-6.1567,106.789,Central Park Mall (Jakarta Barat),Grogol (Jakarta Barat)
Central Park Mall,Grogol,1200,12,0,1,TransJakarta+Transfer,-6.1745,106.792,-6.1567,106.789,Central Park Mall (Jakarta Barat),Grogol (Jakarta Barat)
Central_Station,Monas,2000,10,5,0,metro,-6.2,106.8,-6.1751,106.827,Stasiun Pusat,Monas (Jakarta Pusat)
Cikini,Gondangdia,1800,3,3,0,TransJakarta,-6.1889,106.838,-6.1778,106.839,Cikini (Jakarta Pusat),Gondangdia (Jakarta Pusat)
Cikini,Gondangdia,1800,3,3,0,TransJakarta,-6.1889,106.838,-6.1778,106.839,Cikini (Jakarta Pusat),Gondangdia (Jakarta Pusat)
Cikini,Manggarai,3200,5,3,0,TransJakarta,-6.1889,106.838,-6.2145,106.846,Cikini (Jakarta Pusat),Manggarai (Jakarta Selatan)
Cikini,Manggarai,3200,5,3,0,TransJakarta,-6.1889,106.838,-6.2145,106.846,Cikini (Jakarta Pusat),Manggarai (Jakarta Selatan)
Cipete Raya,Fatmawati,1800,3,14,0,MRT/LRT,-6.2549,106.796,-6.2628,106.793,Cipete Raya (Jakarta Selatan),Fatmawati (Jakarta Selatan)
Cipete Raya,Fatmawati,1800,3,14,0,MRT/LRT,-6.2549,106.796,-6.2628,106.793,Cipete Raya (Jakarta Selatan),Fatmawati (Jakarta Selatan)
Cipete Raya,Haji Nawi,1500,3,14,0,MRT/LRT,-6.2549,106.796,-6.2435,106.799,Cipete Raya (Jakarta Selatan),Haji Nawi (Jakarta Selatan)
Cipete Raya,Haji Nawi,1500,3,14,0,MRT/LRT,-6.2549,106.796,-6.2435,106.799,Cipete Raya (Jakarta Selatan),Haji Nawi (Jakarta Selatan)
DPR RI,Senayan,2800,12,4,1,TransJakarta+Transfer,-6.2089,106.801,-6.2296,106.802,DPR RI (Jakarta Pusat),Senayan (Jakarta Selatan)
DPR RI,Senayan,2800,12,4,1,TransJakarta+Transfer,-6.2089,106.801,-6.2296,106.802,DPR RI (Jakarta Pusat),Senayan (Jakarta Selatan)
Dukuh Atas,Cawang,7500,18,3.5,1,TransJakarta+Transfer,-6.2088,106.823,-6.2411,106.874,Dukuh Atas (Jakarta Pusat),Cawang (Jakarta Timur)
Dukuh Atas,Cawang,7500,18,3.5,1,TransJakarta+Transfer,-6.2088,106.823,-6.2411,106.874,Dukuh Atas (Jakarta Pusat),Cawang (Jakarta Timur)
Dukuh Atas,Harmoni,4000,12,3.5,0,TransJakarta,-6.2088,106.823,-6.1652,106.813,Dukuh Atas (Jakarta Pusat),Harmoni (Jakarta Pusat)
Dukuh Atas,Harmoni,4000,12,3.5,0,TransJakarta,-6.2088,106.823,-6.1652,106.813,Dukuh Atas (Jakarta Pusat),Harmoni (Jakarta Pusat)
Dukuh Atas,Setiabudi,1800,5,3.5,0,TransJakarta,-6.2088,106.823,-6.2139,106.826,Dukuh Atas (Jakarta Pusat),Setiabudi (Jakarta Selatan)
Dukuh Atas,Setiabudi,1800,5,3.5,0,TransJakarta,-6.2088,106.823,-6.2139,106.826,Dukuh Atas (Jakarta Pusat),Setiabudi (Jakarta Selatan)
Dukuh Atas,Dukuh Atas MRT,150,1,0,0,TransJakarta,-6.2088,106.823,-6.2088,106.823,Dukuh Atas (Jakarta Pusat),Dukuh Atas MRT (Jakarta Pusat)
Dukuh Atas,Dukuh Atas MRT,150,1,0,0,TransJakarta,-6.2088,106.823,-6.2088,106.823,Dukuh Atas (Jakarta Pusat),Dukuh Atas MRT (Jakarta Pusat)
Dukuh Atas,fx Sudirman,600,5,0,1,TransJakarta+Transfer,-6.2088,106.823,-6.2089,106.813,Dukuh Atas (Jakarta Pusat),fx Sudirman (Jakarta Pusat)
Dukuh Atas,fx Sudirman,600,5,0,1,TransJakarta+Transfer,-6.2088,106.823,-6.2089,106.813,Dukuh Atas (Jakarta Pusat),fx Sudirman (Jakarta Pusat)
Dukuh Atas,Sudirman CBD,800,6,2.5,1,TransJakarta+Transfer,-6.2088,106.823,-6.2089,106.819,Dukuh Atas (Jakarta Pusat),Sudirman CBD (Jakarta Pusat)
Dukuh Atas,Sudirman CBD,800,6,2.5,1,TransJakarta+Transfer,-6.2088,106.823,-6.2089,106.819,Dukuh Atas (Jakarta Pusat),Sudirman CBD (Jakarta Pusat)
Dukuh Atas MRT,Setiabudi Astra MRT,1500,3,14,0,MRT/LRT,-6.2088,106.823,-6.2139,106.826,Dukuh Atas MRT (Jakarta Pusat),Setiabudi Astra MRT (Jakarta Selatan)
Dukuh Atas MRT,Setiabudi Astra MRT,1500,3,14,0,MRT/LRT,-6.2088,106.823,-6.2139,106.826,Dukuh Atas MRT (Jakarta Pusat),Setiabudi Astra MRT (Jakarta Selatan)
Dukuh Atas MRT,Bundaran HI MRT,1800,3,14,0,MRT/LRT,-6.2088,106.823,-6.1944,106.823,Dukuh Atas MRT (Jakarta Pusat),Bundaran HI MRT (Jakarta Pusat)
Dukuh Atas MRT,Bundaran HI MRT,1800,3,14,0,MRT/LRT,-6.2088,106.823,-6.1944,106.823,Dukuh Atas MRT (Jakarta Pusat),Bundaran HI MRT (Jakarta Pusat)
Dukuh Atas MRT,Dukuh Atas,150,1,0,0,TransJakarta,-6.2088,106.823,-6.2088,106.823,Dukuh Atas MRT (Jakarta Pusat),Dukuh Atas (Jakarta Pusat)
Dukuh Atas MRT,Dukuh Atas,150,1,0,0,TransJakarta,-6.2088,106.823,-6.2088,106.823,Dukuh Atas MRT (Jakarta Pusat),Dukuh Atas (Jakarta Pusat)
Equestrian LRT,Pulomas LRT,3800,7,5,0,TransJakarta,-6.2034,106.893,-6.1867,106.89,Equestrian LRT (Jakarta Timur),Pulomas LRT (Jakarta Timur)
Equestrian LRT,Pulomas LRT,3800,7,5,0,TransJakarta,-6.2034,106.893,-6.1867,106.89,Equestrian LRT (Jakarta Timur),Pulomas LRT (Jakarta Timur)
Fatmawati,Lebak Bulus,2200,4,14,0,MRT/LRT,-6.2628,106.793,-6.2891,106.775,Fatmawati (Jakarta Selatan),Lebak Bulus (Jakarta Selatan)
Fatmawati,Lebak Bulus,2200,4,14,0,MRT/LRT,-6.2628,106.793,-6.2891,106.775,Fatmawati (Jakarta Selatan),Lebak Bulus (Jakarta Selatan)
Fatmawati,Cipete Raya,1800,3,14,0,MRT/LRT,-6.2628,106.793,-6.2549,106.796,Fatmawati (Jakarta Selatan),Cipete Raya (Jakarta Selatan)
Fatmawati,Cipete Raya,1800,3,14,0,MRT/LRT,-6.2628,106.793,-6.2549,106.796,Fatmawati (Jakarta Selatan),Cipete Raya (Jakarta Selatan)
Fatmawati,Universitas Indonesia,15000,35,8,1,TransJakarta+Transfer,-6.2628,106.793,-6.3634,106.823,Fatmawati (Jakarta Selatan),Universitas Indonesia (Jakarta Selatan)
Fatmawati,Universitas Indonesia,15000,35,8,1,TransJakarta+Transfer,-6.2628,106.793,-6.3634,106.823,Fatmawati (Jakarta Selatan),Universitas Indonesia (Jakarta Selatan)
Fatmawati,Kemang,4500,18,5,1,TransJakarta+Transfer,-6.2628,106.793,-6.2634,106.813,Fatmawati (Jakarta Selatan),Kemang (Jakarta Selatan)
Fatmawati,Kemang,4500,18,5,1,TransJakarta+Transfer,-6.2628,106.793,-6.2634,106.813,Fatmawati (Jakarta Selatan),Kemang (Jakarta Selatan)
Fatmawati MRT,RS Fatmawati,800,8,2,1,TransJakarta+Transfer,-6.2628,106.793,-6.2628,106.793,Fatmawati MRT (Jakarta Selatan),RS Fatmawati (Jakarta Selatan)
Fatmawati MRT,RS Fatmawati,800,8,2,1,TransJakarta+Transfer,-6.2628,106.793,-6.2628,106.793,Fatmawati MRT (Jakarta Selatan),RS Fatmawati (Jakarta Selatan)
Gambir,Gondangdia,2500,4,3,0,TransJakarta,-6.1734,106.829,-6.1778,106.839,Gambir (Jakarta Pusat),Gondangdia (Jakarta Pusat)
Gambir,Gondangdia,2500,4,3,0,TransJakarta,-6.1734,106.829,-6.1778,106.839,Gambir (Jakarta Pusat),Gondangdia (Jakarta Pusat)
Gambir,Pasar Senen,2200,4,3,0,TransJakarta,-6.1734,106.829,-6.1756,106.844,Gambir (Jakarta Pusat),Pasar Senen (Jakarta Pusat)
Gambir,Pasar Senen,2200,4,3,0,TransJakarta,-6.1734,106.829,-6.1756,106.844,Gambir (Jakarta Pusat),Pasar Senen (Jakarta Pusat)
Gambir,Tanah Abang,3500,6,3,0,TransJakarta,-6.1734,106.829,-6.1856,106.813,Gambir (Jakarta Pusat),Tanah Abang (Jakarta Pusat)
Gambir,Tanah Abang,3500,6,3,0,TransJakarta,-6.1734,106.829,-6.1856,106.813,Gambir (Jakarta Pusat),Tanah Abang (Jakarta Pusat)
Gang Sentiong,Pasar Senen,1500,3,3,0,TransJakarta,-6.1678,106.848,-6.1756,106.844,Gang Sentiong (Jakarta Pusat),Pasar Senen (Jakarta Pusat)
Gang Sentiong,Pasar Senen,1500,3,3,0,TransJakarta,-6.1678,106.848,-6.1756,106.844,Gang Sentiong (Jakarta Pusat),Pasar Senen (Jakarta Pusat)
Gang Sentiong,Kemayoran,2100,4,3,0,TransJakarta,-6.1678,106.848,-6.1567,106.851,Gang Sentiong (Jakarta Pusat),Kemayoran (Jakarta Pusat)
Gang Sentiong,Kemayoran,2100,4,3,0,TransJakarta,-6.1678,106.848,-6.1567,106.851,Gang Sentiong (Jakarta Pusat),Kemayoran (Jakarta Pusat)
Gedung Sate,Monas,1500,8,3,1,TransJakarta+Transfer,-6.1945,106.827,-6.1751,106.827,Gedung Sate (Jakarta Pusat),Monas (Jakarta Pusat)
Gedung Sate,Monas,1500,8,3,1,TransJakarta+Transfer,-6.1945,106.827,-6.1751,106.827,Gedung Sate (Jakarta Pusat),Monas (Jakarta Pusat)
Gelora Bung Karno,Senayan,1200,8,3,1,TransJakarta+Transfer,-6.2189,106.801,-6.2296,106.802,Gelora Bung Karno (Jakarta Pusat),Senayan (Jakarta Selatan)
Gelora Bung Karno,Senayan,1200,8,3,1,TransJakarta+Transfer,-6.2189,106.801,-6.2296,106.802,Gelora Bung Karno (Jakarta Pusat),Senayan (Jakarta Selatan)
Gondangdia,Gambir,2500,4,3,0,TransJakarta,-6.1778,106.839,-6.1734,106.829,Gondangdia (Jakarta Pusat),Gambir (Jakarta Pusat)
Gondangdia,Gambir,2500,4,3,0,TransJakarta,-6.1778,106.839,-6.1734,106.829,Gondangdia (Jakarta Pusat),Gambir (Jakarta Pusat)
Gondangdia,Cikini,1800,3,3,0,TransJakarta,-6.1778,106.839,-6.1889,106.838,Gondangdia (Jakarta Pusat),Cikini (Jakarta Pusat)
Gondangdia,Cikini,1800,3,3,0,TransJakarta,-6.1778,106.839,-6.1889,106.838,Gondangdia (Jakarta Pusat),Cikini (Jakarta Pusat)
Grand Indonesia,Bundaran HI,500,5,0,1,TransJakarta+Transfer,-6.1944,106.823,-6.1944,106.823,Grand Indonesia (Jakarta Pusat),Bundaran HI (Jakarta Pusat)
Grand Indonesia,Bundaran HI,500,5,0,1,TransJakarta+Transfer,-6.1944,106.823,-6.1944,106.823,Grand Indonesia (Jakarta Pusat),Bundaran HI (Jakarta Pusat)
Grogol,Tomang,3200,8,3.5,0,TransJakarta,-6.1567,106.789,-6.1678,106.799,Grogol (Jakarta Barat),Tomang (Jakarta Barat)
Grogol,Tomang,3200,8,3.5,0,TransJakarta,-6.1567,106.789,-6.1678,106.799,Grogol (Jakarta Barat),Tomang (Jakarta Barat)
Grogol,Tanah Abang,4800,9,3,0,TransJakarta,-6.1567,106.789,-6.1856,106.813,Grogol (Jakarta Barat),Tanah Abang (Jakarta Pusat)
Grogol,Tanah Abang,4800,9,3,0,TransJakarta,-6.1567,106.789,-6.1856,106.813,Grogol (Jakarta Barat),Tanah Abang (Jakarta Pusat)
Grogol,Cengkareng,8500,15,3,0,TransJakarta,-6.1567,106.789,-6.1345,106.746,Grogol (Jakarta Barat),Cengkareng (Jakarta Barat)
Grogol,Cengkareng,8500,15,3,0,TransJakarta,-6.1567,106.789,-6.1345,106.746,Grogol (Jakarta Barat),Cengkareng (Jakarta Barat)
Grogol,Central Park Mall,1200,12,0,1,TransJakarta+Transfer,-6.1567,106.789,-6.1745,106.792,Grogol (Jakarta Barat),Central Park Mall (Jakarta Barat)
Grogol,Central Park Mall,1200,12,0,1,TransJakarta+Transfer,-6.1567,106.789,-6.1745,106.792,Grogol (Jakarta Barat),Central Park Mall (Jakarta Barat)
Grogol,Universitas Bina Nusantara,5500,18,5,1,TransJakarta+Transfer,-6.1567,106.789,-6.2789,106.782,Grogol (Jakarta Barat),Universitas Bina Nusantara (Jakarta Barat)
Grogol,Universitas Bina Nusantara,5500,18,5,1,TransJakarta+Transfer,-6.1567,106.789,-6.2789,106.782,Grogol (Jakarta Barat),Universitas Bina Nusantara (Jakarta Barat)
Grogol,Universitas Mercu Buana,3800,15,4.5,1,TransJakarta+Transfer,-6.1567,106.789,-6.2234,106.783,Grogol (Jakarta Barat),Universitas Mercu Buana (Jakarta Barat)
Grogol,Universitas Mercu Buana,3800,15,4.5,1,TransJakarta+Transfer,-6.1567,106.789,-6.2234,106.783,Grogol (Jakarta Barat),Universitas Mercu Buana (Jakarta Barat)
Grogol,RS Harapan Kita,3500,15,4.5,1,TransJakarta+Transfer,-6.1567,106.789,-6.1567,106.783,Grogol (Jakarta Barat),RS Harapan Kita (Jakarta Barat)
Grogol,RS Harapan Kita,3500,15,4.5,1,TransJakarta+Transfer,-6.1567,106.789,-6.1567,106.783,Grogol (Jakarta Barat),RS Harapan Kita (Jakarta Barat)
Grogol,Soekarno Hatta Airport,25000,60,35,1,MRT/LRT,-6.1567,106.789,-6.1256,106.656,Grogol (Jakarta Barat),Soekarno Hatta Airport (Tangerang)
Grogol,Soekarno Hatta Airport,25000,60,35,1,MRT/LRT,-6.1567,106.789,-6.1256,106.656,Grogol (Jakarta Barat),Soekarno Hatta Airport (Tangerang)
Grogol,Terminal Grogol,500,4,1.5,1,TransJakarta+Transfer,-6.1567,106.789,-6.1567,106.789,Grogol (Jakarta Barat),Terminal Grogol (Jakarta Barat)
Grogol,Terminal Grogol,500,4,1.5,1,TransJakarta+Transfer,-6.1567,106.789,-6.1567,106.789,Grogol (Jakarta Barat),Terminal Grogol (Jakarta Barat)
Grogol,Puri Indah,8500,25,6,1,TransJakarta+Transfer,-6.1567,106.789,-6.1734,106.734,Grogol (Jakarta Barat),Puri Indah (Jakarta Barat)
Grogol,Puri Indah,8500,25,6,1,TransJakarta+Transfer,-6.1567,106.789,-6.1734,106.734,Grogol (Jakarta Barat),Puri Indah (Jakarta Barat)
Haji Nawi,Cipete Raya,1500,3,14,0,MRT/LRT,-6.2435,106.799,-6.2549,106.796,Haji Nawi (Jakarta Selatan),Cipete Raya (Jakarta Selatan)
Haji Nawi,Cipete Raya,1500,3,14,0,MRT/LRT,-6.2435,106.799,-6.2549,106.796,Haji Nawi (Jakarta Selatan),Cipete Raya (Jakarta Selatan)
Haji Nawi,Blok A,1200,2,14,0,MRT/LRT,-6.2435,106.799,-6.2339,106.805,Haji Nawi (Jakarta Selatan),Blok A (Jakarta Selatan)
Haji Nawi,Blok A,1200,2,14,0,MRT/LRT,-6.2435,106.799,-6.2339,106.805,Haji Nawi (Jakarta Selatan),Blok A (Jakarta Selatan)
Halim Perdanakusuma Airport,Cawang,8500,25,15,1,MRT/LRT,-6.2667,106.891,-6.2411,106.874,Halim Perdanakusuma Airport (Jakarta Timur),Cawang (Jakarta Timur)
Halim Perdanakusuma Airport,Cawang,8500,25,15,1,MRT/LRT,-6.2667,106.891,-6.2411,106.874,Halim Perdanakusuma Airport (Jakarta Timur),Cawang (Jakarta Timur)
Harmoni,Monas,3000,8,3.5,0,TransJakarta,-6.1652,106.813,-6.1751,106.827,Harmoni (Jakarta Pusat),Monas (Jakarta Pusat)
Harmoni,Monas,3000,8,3.5,0,TransJakarta,-6.1652,106.813,-6.1751,106.827,Harmoni (Jakarta Pusat),Monas (Jakarta Pusat)
Harmoni,Kota,2800,8,3.5,0,TransJakarta,-6.1652,106.813,-6.1375,106.813,Harmoni (Jakarta Pusat),Kota (Jakarta Barat)
Harmoni,Kota,2800,8,3.5,0,TransJakarta,-6.1652,106.813,-6.1375,106.813,Harmoni (Jakarta Pusat),Kota (Jakarta Barat)
Harmoni,Dukuh Atas,4000,12,3.5,0,TransJakarta,-6.1652,106.813,-6.2088,106.823,Harmoni (Jakarta Pusat),Dukuh Atas (Jakarta Pusat)
Harmoni,Dukuh Atas,4000,12,3.5,0,TransJakarta,-6.1652,106.813,-6.2088,106.823,Harmoni (Jakarta Pusat),Dukuh Atas (Jakarta Pusat)
Harmoni,Tanah Abang,3500,10,3.5,0,TransJakarta,-6.1652,106.813,-6.1856,106.813,Harmoni (Jakarta Pusat),Tanah Abang (Jakarta Pusat)
Harmoni,Tanah Abang,3500,10,3.5,0,TransJakarta,-6.1652,106.813,-6.1856,106.813,Harmoni (Jakarta Pusat),Tanah Abang (Jakarta Pusat)
Harmoni,Juanda,800,8,0,1,TransJakarta+Transfer,-6.1652,106.813,-6.1667,106.83,Harmoni (Jakarta Pusat),Juanda (Jakarta Pusat)
Harmoni,Juanda,800,8,0,1,TransJakarta+Transfer,-6.1652,106.813,-6.1667,106.83,Harmoni (Jakarta Pusat),Juanda (Jakarta Pusat)
Harmoni,RSUPN Cipto Mangunkusumo,2800,12,4,1,TransJakarta+Transfer,-6.1652,106.813,-6.1867,106.835,Harmoni (Jakarta Pusat),RSUPN Cipto Mangunkusumo (Jakarta Pusat)
Harmoni,RSUPN Cipto Mangunkusumo,2800,12,4,1,TransJakarta+Transfer,-6.1652,106.813,-6.1867,106.835,Harmoni (Jakarta Pusat),RSUPN Cipto Mangunkusumo (Jakarta Pusat)
Harmoni,Balai Kota DKI,2500,10,3.5,1,TransJakarta+Transfer,-6.1652,106.813,-6.1711,106.826,Harmoni (Jakarta Pusat),Balai Kota DKI (Jakarta Pusat)
Harmoni,Balai Kota DKI,2500,10,3.5,1,TransJakarta+Transfer,-6.1652,106.813,-6.1711,106.826,Harmoni (Jakarta Pusat),Balai Kota DKI (Jakarta Pusat)
Institut Teknologi Jakarta,Setiabudi,4200,18,5,1,TransJakarta+Transfer,-6.2456,106.857,-6.2139,106.826,Institut Teknologi Jakarta (Jakarta Selatan),Setiabudi (Jakarta Selatan)
Institut Teknologi Jakarta,Setiabudi,4200,18,5,1,TransJakarta+Transfer,-6.2456,106.857,-6.2139,106.826,Institut Teknologi Jakarta (Jakarta Selatan),Setiabudi (Jakarta Selatan)
Istana Merdeka,Monas,1200,8,3,1,TransJakarta+Transfer,-6.1703,106.822,-6.1751,106.827,Istana Merdeka (Jakarta Pusat),Monas (Jakarta Pusat)
Istana Merdeka,Monas,1200,8,3,1,TransJakarta+Transfer,-6.1703,106.822,-6.1751,106.827,Istana Merdeka (Jakarta Pusat),Monas (Jakarta Pusat)
Istiqlal Mosque,Monas,1000,6,2,1,TransJakarta+Transfer,-6.1703,106.829,-6.1751,106.827,Istiqlal Mosque (Jakarta Pusat),Monas (Jakarta Pusat)
Istiqlal Mosque,Monas,1000,6,2,1,TransJakarta+Transfer,-6.1703,106.829,-6.1751,106.827,Istiqlal Mosque (Jakarta Pusat),Monas (Jakarta Pusat)
Istora Mandiri MRT,Senayan MRT,2800,5,14,0,MRT/LRT,-6.2176,106.808,-6.2296,106.802,Istora Mandiri MRT (Jakarta Pusat),Senayan MRT (Jakarta Selatan)
Istora Mandiri MRT,Senayan MRT,2800,5,14,0,MRT/LRT,-6.2176,106.808,-6.2296,106.802,Istora Mandiri MRT (Jakarta Pusat),Senayan MRT (Jakarta Selatan)
Istora Mandiri MRT,Bendungan Hilir MRT,1800,3,14,0,MRT/LRT,-6.2176,106.808,-6.2011,106.819,Istora Mandiri MRT (Jakarta Pusat),Bendungan Hilir MRT (Jakarta Pusat)
Istora Mandiri MRT,Bendungan Hilir MRT,1800,3,14,0,MRT/LRT,-6.2176,106.808,-6.2011,106.819,Istora Mandiri MRT (Jakarta Pusat),Bendungan Hilir MRT (Jakarta Pusat)
Jakarta Cathedral,Monas,800,5,1.5,1,TransJakarta+Transfer,-6.1689,106.828,-6.1751,106.827,Jakarta Cathedral (Jakarta Pusat),Monas (Jakarta Pusat)
Jakarta Cathedral,Monas,800,5,1.5,1,TransJakarta+Transfer,-6.1689,106.828,-6.1751,106.827,Jakarta Cathedral (Jakarta Pusat),Monas (Jakarta Pusat)
Jakarta International Stadium,Kelapa Gading,5500,20,6,1,TransJakarta+Transfer,-6.1289,106.893,-6.1567,106.909,Jakarta International Stadium (Jakarta Utara),Kelapa Gading (Jakarta Utara)
Jakarta International Stadium,Kelapa Gading,5500,20,6,1,TransJakarta+Transfer,-6.1289,106.893,-6.1567,106.909,Jakarta International Stadium (Jakarta Utara),Kelapa Gading (Jakarta Utara)
Jatinegara,Pasar Senen,6500,12,3,0,TransJakarta,-6.2156,106.879,-6.1756,106.844,Jatinegara (Jakarta Timur),Pasar Senen (Jakarta Pusat)
Jatinegara,Pasar Senen,6500,12,3,0,TransJakarta,-6.2156,106.879,-6.1756,106.844,Jatinegara (Jakarta Timur),Pasar Senen (Jakarta Pusat)
Jatinegara,Klender,4200,8,3,0,TransJakarta,-6.2156,106.879,-6.2234,106.901,Jatinegara (Jakarta Timur),Klender (Jakarta Timur)
Jatinegara,Klender,4200,8,3,0,TransJakarta,-6.2156,106.879,-6.2234,106.901,Jatinegara (Jakarta Timur),Klender (Jakarta Timur)
Jatinegara,Pasar Jatinegara,800,6,1.5,1,TransJakarta+Transfer,-6.2156,106.879,-6.2156,106.879,Jatinegara (Jakarta Timur),Pasar Jatinegara (Jakarta Timur)
Jatinegara,Pasar Jatinegara,800,6,1.5,1,TransJakarta+Transfer,-6.2156,106.879,-6.2156,106.879,Jatinegara (Jakarta Timur),Pasar Jatinegara (Jakarta Timur)
Juanda,Harmoni,800,8,0,1,TransJakarta+Transfer,-6.1667,106.83,-6.1652,106.813,Juanda (Jakarta Pusat),Harmoni (Jakarta Pusat)
Juanda,Harmoni,800,8,0,1,TransJakarta+Transfer,-6.1667,106.83,-6.1652,106.813,Juanda (Jakarta Pusat),Harmoni (Jakarta Pusat)
Kampung Bandan,Kelapa Gading,7800,20,3.5,0,TransJakarta,-6.1289,106.828,-6.1567,106.909,Kampung Bandan (Jakarta Utara),Kelapa Gading (Jakarta Utara)
Kampung Bandan,Kelapa Gading,7800,20,3.5,0,TransJakarta,-6.1289,106.828,-6.1567,106.909,Kampung Bandan (Jakarta Utara),Kelapa Gading (Jakarta Utara)
Kampung Bandan,Ancol,3500,10,3.5,0,TransJakarta,-6.1289,106.828,-6.1234,106.846,Kampung Bandan (Jakarta Utara),Ancol (Jakarta Utara)
Kampung Bandan,Ancol,3500,10,3.5,0,TransJakarta,-6.1289,106.828,-6.1234,106.846,Kampung Bandan (Jakarta Utara),Ancol (Jakarta Utara)
Kampung Bandan,Kampung Bandan KRL,200,2,0,0,TransJakarta,-6.1289,106.828,-6.1289,106.828,Kampung Bandan (Jakarta Utara),Kampung Bandan KRL (Jakarta Utara)
Kampung Bandan,Kampung Bandan KRL,200,2,0,0,TransJakarta,-6.1289,106.828,-6.1289,106.828,Kampung Bandan (Jakarta Utara),Kampung Bandan KRL (Jakarta Utara)
Kampung Bandan,Mabes TNI,3500,15,4.5,1,TransJakarta+Transfer,-6.1289,106.828,-6.1634,106.846,Kampung Bandan (Jakarta Utara),Mabes TNI (Jakarta Pusat)
Kampung Bandan,Mabes TNI,3500,15,4.5,1,TransJakarta+Transfer,-6.1289,106.828,-6.1634,106.846,Kampung Bandan (Jakarta Utara),Mabes TNI (Jakarta Pusat)
Kampung Bandan KRL,Rajawali,2800,5,3,0,TransJakarta,-6.1289,106.828,-6.1456,106.853,Kampung Bandan KRL (Jakarta Utara),Rajawali (Jakarta Utara)
Kampung Bandan KRL,Rajawali,2800,5,3,0,TransJakarta,-6.1289,106.828,-6.1456,106.853,Kampung Bandan KRL (Jakarta Utara),Rajawali (Jakarta Utara)
Kampung Bandan KRL,Ancol KRL,3500,6,3,0,TransJakarta,-6.1289,106.828,-6.1234,106.846,Kampung Bandan KRL (Jakarta Utara),Ancol KRL (Jakarta Utara)
Kampung Bandan KRL,Ancol KRL,3500,6,3,0,TransJakarta,-6.1289,106.828,-6.1234,106.846,Kampung Bandan KRL (Jakarta Utara),Ancol KRL (Jakarta Utara)
Kampung Bandan KRL,Kampung Bandan,200,2,0,0,TransJakarta,-6.1289,106.828,-6.1289,106.828,Kampung Bandan KRL (Jakarta Utara),Kampung Bandan (Jakarta Utara)
Kampung Bandan KRL,Kampung Bandan,200,2,0,0,TransJakarta,-6.1289,106.828,-6.1289,106.828,Kampung Bandan KRL (Jakarta Utara),Kampung Bandan (Jakarta Utara)
Kampung Melayu,Pulo Gadung,8000,20,3.5,0,TransJakarta,-6.2234,106.859,-6.1934,106.896,Kampung Melayu (Jakarta Timur),Pulo Gadung (Jakarta Timur)
Kampung Melayu,Pulo Gadung,8000,20,3.5,0,TransJakarta,-6.2234,106.859,-6.1934,106.896,Kampung Melayu (Jakarta Timur),Pulo Gadung (Jakarta Timur)
Kampung Melayu,Cawang,3500,10,3.5,0,TransJakarta,-6.2234,106.859,-6.2411,106.874,Kampung Melayu (Jakarta Timur),Cawang (Jakarta Timur)
Kampung Melayu,Cawang,3500,10,3.5,0,TransJakarta,-6.2234,106.859,-6.2411,106.874,Kampung Melayu (Jakarta Timur),Cawang (Jakarta Timur)
Kampung Melayu,Tebet,4500,12,3.5,0,TransJakarta,-6.2234,106.859,-6.2267,106.857,Kampung Melayu (Jakarta Timur),Tebet (Jakarta Selatan)
Kampung Melayu,Tebet,4500,12,3.5,0,TransJakarta,-6.2234,106.859,-6.2267,106.857,Kampung Melayu (Jakarta Timur),Tebet (Jakarta Selatan)
Kampung Melayu,Taman Mini Indonesia Indah,12000,35,8,1,TransJakarta+Transfer,-6.2234,106.859,-6.3012,106.895,Kampung Melayu (Jakarta Timur),Taman Mini Indonesia Indah (Jakarta Timur)
Kampung Melayu,Taman Mini Indonesia Indah,12000,35,8,1,TransJakarta+Transfer,-6.2234,106.859,-6.3012,106.895,Kampung Melayu (Jakarta Timur),Taman Mini Indonesia Indah (Jakarta Timur)
Kampung Melayu,Terminal Kampung Rambutan,8500,25,6,1,TransJakarta+Transfer,-6.2234,106.859,-6.3123,106.873,Kampung Melayu (Jakarta Timur),Terminal Kampung Rambutan (Jakarta Timur)
Kampung Melayu,Terminal Kampung Rambutan,8500,25,6,1,TransJakarta+Transfer,-6.2234,106.859,-6.3123,106.873,Kampung Melayu (Jakarta Timur),Terminal Kampung Rambutan (Jakarta Timur)
Kebayoran Baru,Blok M,2200,10,3,1,TransJakarta+Transfer,-6.2423,106.794,-6.2441,106.799,Kebayoran Baru (Jakarta Selatan),Blok M (Jakarta Selatan)
Kebayoran Baru,Blok M,2200,10,3,1,TransJakarta+Transfer,-6.2423,106.794,-6.2441,106.799,Kebayoran Baru (Jakarta Selatan),Blok M (Jakarta Selatan)
Kelapa Gading,Sunter,4200,12,3.5,0,TransJakarta,-6.1567,106.909,-6.1445,106.879,Kelapa Gading (Jakarta Utara),Sunter (Jakarta Utara)
Kelapa Gading,Sunter,4200,12,3.5,0,TransJakarta,-6.1567,106.909,-6.1445,106.879,Kelapa Gading (Jakarta Utara),Sunter (Jakarta Utara)
Kelapa Gading,Kampung Bandan,7800,20,3.5,0,TransJakarta,-6.1567,106.909,-6.1289,106.828,Kelapa Gading (Jakarta Utara),Kampung Bandan (Jakarta Utara)
Kelapa Gading,Kampung Bandan,7800,20,3.5,0,TransJakarta,-6.1567,106.909,-6.1289,106.828,Kelapa Gading (Jakarta Utara),Kampung Bandan (Jakarta Utara)
Kelapa Gading,Kelapa Gading Mall,800,8,0,1,TransJakarta+Transfer,-6.1567,106.909,-6.1567,106.909,Kelapa Gading (Jakarta Utara),Kelapa Gading Mall (Jakarta Utara)
Kelapa Gading,Kelapa Gading Mall,800,8,0,1,TransJakarta+Transfer,-6.1567,106.909,-6.1567,106.909,Kelapa Gading (Jakarta Utara),Kelapa Gading Mall (Jakarta Utara)
Kelapa Gading,Pantai Indah Kapuk,12000,35,8,1,TransJakarta+Transfer,-6.1567,106.909,-6.1123,106.746,Kelapa Gading (Jakarta Utara),Pantai Indah Kapuk (Jakarta Utara)
Kelapa Gading,Pantai Indah Kapuk,12000,35,8,1,TransJakarta+Transfer,-6.1567,106.909,-6.1123,106.746,Kelapa Gading (Jakarta Utara),Pantai Indah Kapuk (Jakarta Utara)
Kelapa Gading,Jakarta International Stadium,5500,20,6,1,TransJakarta+Transfer,-6.1567,106.909,-6.1289,106.893,Kelapa Gading (Jakarta Utara),Jakarta International Stadium (Jakarta Utara)
Kelapa Gading,Jakarta International Stadium,5500,20,6,1,TransJakarta+Transfer,-6.1567,106.909,-6.1289,106.893,Kelapa Gading (Jakarta Utara),Jakarta International Stadium (Jakarta Utara)
Kelapa Gading Mall,Kelapa Gading,800,8,0,1,TransJakarta+Transfer,-6.1567,106.909,-6.1567,106.909,Kelapa Gading Mall (Jakarta Utara),Kelapa Gading (Jakarta Utara)
Kelapa Gading Mall,Kelapa Gading,800,8,0,1,TransJakarta+Transfer,-6.1567,106.909,-6.1567,106.909,Kelapa Gading Mall (Jakarta Utara),Kelapa Gading (Jakarta Utara)
Kemang,Fatmawati,4500,18,5,1,TransJakarta+Transfer,-6.2634,106.813,-6.2628,106.793,Kemang (Jakarta Selatan),Fatmawati (Jakarta Selatan)
Kemang,Fatmawati,4500,18,5,1,TransJakarta+Transfer,-6.2634,106.813,-6.2628,106.793,Kemang (Jakarta Selatan),Fatmawati (Jakarta Selatan)
Kemayoran,Gang Sentiong,2100,4,3,0,TransJakarta,-6.1567,106.851,-6.1678,106.848,Kemayoran (Jakarta Pusat),Gang Sentiong (Jakarta Pusat)
Kemayoran,Gang Sentiong,2100,4,3,0,TransJakarta,-6.1567,106.851,-6.1678,106.848,Kemayoran (Jakarta Pusat),Gang Sentiong (Jakarta Pusat)
Kemayoran,Rajawali,2500,5,3,0,TransJakarta,-6.1567,106.851,-6.1456,106.853,Kemayoran (Jakarta Pusat),Rajawali (Jakarta Utara)
Kemayoran,Rajawali,2500,5,3,0,TransJakarta,-6.1567,106.851,-6.1456,106.853,Kemayoran (Jakarta Pusat),Rajawali (Jakarta Utara)
Klender,Jatinegara,4200,8,3,0,TransJakarta,-6.2234,106.901,-6.2156,106.879,Klender (Jakarta Timur),Jatinegara (Jakarta Timur)
Klender,Jatinegara,4200,8,3,0,TransJakarta,-6.2234,106.901,-6.2156,106.879,Klender (Jakarta Timur),Jatinegara (Jakarta Timur)
Klender,Buaran,3500,6,3,0,TransJakarta,-6.2234,106.901,-6.2156,106.912,Klender (Jakarta Timur),Buaran (Jakarta Timur)
Klender,Buaran,3500,6,3,0,TransJakarta,-6.2234,106.901,-6.2156,106.912,Klender (Jakarta Timur),Buaran (Jakarta Timur)
Klender Baru,Buaran,2800,5,3,0,TransJakarta,-6.2289,106.923,-6.2156,106.912,Klender Baru (Jakarta Timur),Buaran (Jakarta Timur)
Klender Baru,Buaran,2800,5,3,0,TransJakarta,-6.2289,106.923,-6.2156,106.912,Klender Baru (Jakarta Timur),Buaran (Jakarta Timur)
Klender Baru,Cakung,4500,8,3,0,TransJakarta,-6.2289,106.923,-6.1834,106.946,Klender Baru (Jakarta Timur),Cakung (Jakarta Timur)
Klender Baru,Cakung,4500,8,3,0,TransJakarta,-6.2289,106.923,-6.1834,106.946,Klender Baru (Jakarta Timur),Cakung (Jakarta Timur)
Kota,Harmoni,2800,8,3.5,0,TransJakarta,-6.1375,106.813,-6.1652,106.813,Kota (Jakarta Barat),Harmoni (Jakarta Pusat)
Kota,Harmoni,2800,8,3.5,0,TransJakarta,-6.1375,106.813,-6.1652,106.813,Kota (Jakarta Barat),Harmoni (Jakarta Pusat)
Kota,Kota Tua,800,6,2,1,TransJakarta+Transfer,-6.1375,106.813,-6.1375,106.813,Kota (Jakarta Barat),Kota Tua (Jakarta Barat)
Kota,Kota Tua,800,6,2,1,TransJakarta+Transfer,-6.1375,106.813,-6.1375,106.813,Kota (Jakarta Barat),Kota Tua (Jakarta Barat)
Kota Kasablanka,Setiabudi,3500,15,0,1,TransJakarta+Transfer,-6.2423,106.842,-6.2139,106.826,Kota Kasablanka (Jakarta Selatan),Setiabudi (Jakarta Selatan)
Kota Kasablanka,Setiabudi,3500,15,0,1,TransJakarta+Transfer,-6.2423,106.842,-6.2139,106.826,Kota Kasablanka (Jakarta Selatan),Setiabudi (Jakarta Selatan)
Kota Tua,Kota,800,6,2,1,TransJakarta+Transfer,-6.1375,106.813,-6.1375,106.813,Kota Tua (Jakarta Barat),Kota (Jakarta Barat)
Kota Tua,Kota,800,6,2,1,TransJakarta+Transfer,-6.1375,106.813,-6.1375,106.813,Kota Tua (Jakarta Barat),Kota (Jakarta Barat)
Lebak Bulus,Fatmawati,2200,4,14,0,MRT/LRT,-6.2891,106.775,-6.2628,106.793,Lebak Bulus (Jakarta Selatan),Fatmawati (Jakarta Selatan)
Lebak Bulus,Fatmawati,2200,4,14,0,MRT/LRT,-6.2891,106.775,-6.2628,106.793,Lebak Bulus (Jakarta Selatan),Fatmawati (Jakarta Selatan)
Lebak Bulus,Terminal Lebak Bulus,500,5,1.5,1,TransJakarta+Transfer,-6.2891,106.775,-6.2891,106.775,Lebak Bulus (Jakarta Selatan),Terminal Lebak Bulus (Jakarta Selatan)
Lebak Bulus,Terminal Lebak Bulus,500,5,1.5,1,TransJakarta+Transfer,-6.2891,106.775,-6.2891,106.775,Lebak Bulus (Jakarta Selatan),Terminal Lebak Bulus (Jakarta Selatan)
Lotte Shopping Avenue,Bundaran HI,800,6,0,1,TransJakarta+Transfer,-6.2189,106.823,-6.1944,106.823,Lotte Shopping Avenue (Jakarta Pusat),Bundaran HI (Jakarta Pusat)
Lotte Shopping Avenue,Bundaran HI,800,6,0,1,TransJakarta+Transfer,-6.2189,106.823,-6.1944,106.823,Lotte Shopping Avenue (Jakarta Pusat),Bundaran HI (Jakarta Pusat)
Mabes TNI,Kampung Bandan,3500,15,4.5,1,TransJakarta+Transfer,-6.1634,106.846,-6.1289,106.828,Mabes TNI (Jakarta Pusat),Kampung Bandan (Jakarta Utara)
Mabes TNI,Kampung Bandan,3500,15,4.5,1,TransJakarta+Transfer,-6.1634,106.846,-6.1289,106.828,Mabes TNI (Jakarta Pusat),Kampung Bandan (Jakarta Utara)
Manggarai,Cikini,3200,5,3,0,TransJakarta,-6.2145,106.846,-6.1889,106.838,Manggarai (Jakarta Selatan),Cikini (Jakarta Pusat)
Manggarai,Cikini,3200,5,3,0,TransJakarta,-6.2145,106.846,-6.1889,106.838,Manggarai (Jakarta Selatan),Cikini (Jakarta Pusat)
Manggarai,Tebet,2800,4,3,0,TransJakarta,-6.2145,106.846,-6.2267,106.857,Manggarai (Jakarta Selatan),Tebet (Jakarta Selatan)
Manggarai,Tebet,2800,4,3,0,TransJakarta,-6.2145,106.846,-6.2267,106.857,Manggarai (Jakarta Selatan),Tebet (Jakarta Selatan)
Menteng,Bundaran HI,2800,12,3.5,1,TransJakarta+Transfer,-6.1845,106.835,-6.1944,106.823,Menteng (Jakarta Pusat),Bundaran HI (Jakarta Pusat)
Menteng,Bundaran HI,2800,12,3.5,1,TransJakarta+Transfer,-6.1845,106.835,-6.1944,106.823,Menteng (Jakarta Pusat),Bundaran HI (Jakarta Pusat)
Monas,Bundaran HI,2500,7,3.5,0,TransJakarta,-6.1751,106.827,-6.1944,106.823,Monas (Jakarta Pusat),Bundaran HI (Jakarta Pusat)
Monas,Bundaran HI,2500,7,3.5,0,TransJakarta,-6.1751,106.827,-6.1944,106.823,Monas (Jakarta Pusat),Bundaran HI (Jakarta Pusat)
Monas,Harmoni,3000,8,3.5,0,TransJakarta,-6.1751,106.827,-6.1652,106.813,Monas (Jakarta Pusat),Harmoni (Jakarta Pusat)
Monas,Harmoni,3000,8,3.5,0,TransJakarta,-6.1751,106.827,-6.1652,106.813,Monas (Jakarta Pusat),Harmoni (Jakarta Pusat)
Monas,Istana Merdeka,1200,8,3,1,TransJakarta+Transfer,-6.1751,106.827,-6.1703,106.822,Monas (Jakarta Pusat),Istana Merdeka (Jakarta Pusat)
Monas,Istana Merdeka,1200,8,3,1,TransJakarta+Transfer,-6.1751,106.827,-6.1703,106.822,Monas (Jakarta Pusat),Istana Merdeka (Jakarta Pusat)
Monas,Gedung Sate,1500,8,3,1,TransJakarta+Transfer,-6.1751,106.827,-6.1945,106.827,Monas (Jakarta Pusat),Gedung Sate (Jakarta Pusat)
Monas,Gedung Sate,1500,8,3,1,TransJakarta+Transfer,-6.1751,106.827,-6.1945,106.827,Monas (Jakarta Pusat),Gedung Sate (Jakarta Pusat)
Monas,Monumen Nasional,200,2,1,1,TransJakarta+Transfer,-6.1751,106.827,-6.1751,106.827,Monas (Jakarta Pusat),Monumen Nasional (Jakarta Pusat)
Monas,Monumen Nasional,200,2,1,1,TransJakarta+Transfer,-6.1751,106.827,-6.1751,106.827,Monas (Jakarta Pusat),Monumen Nasional (Jakarta Pusat)
Monas,Istiqlal Mosque,1000,6,2,1,TransJakarta+Transfer,-6.1751,106.827,-6.1703,106.829,Monas (Jakarta Pusat),Istiqlal Mosque (Jakarta Pusat)
Monas,Istiqlal Mosque,1000,6,2,1,TransJakarta+Transfer,-6.1751,106.827,-6.1703,106.829,Monas (Jakarta Pusat),Istiqlal Mosque (Jakarta Pusat)
Monas,Jakarta Cathedral,800,5,1.5,1,TransJakarta+Transfer,-6.1751,106.827,-6.1689,106.828,Monas (Jakarta Pusat),Jakarta Cathedral (Jakarta Pusat)
Monas,Jakarta Cathedral,800,5,1.5,1,TransJakarta+Transfer,-6.1751,106.827,-6.1689,106.828,Monas (Jakarta Pusat),Jakarta Cathedral (Jakarta Pusat)
Monas,Central_Station,2000,10,5,0,metro,-6.1751,106.827,-6.2,106.8,Monas (Jakarta Pusat),Stasiun Pusat
Monumen Nasional,Monas,200,2,1,1,TransJakarta+Transfer,-6.1751,106.827,-6.1751,106.827,Monumen Nasional (Jakarta Pusat),Monas (Jakarta Pusat)
Monumen Nasional,Monas,200,2,1,1,TransJakarta+Transfer,-6.1751,106.827,-6.1751,106.827,Monumen Nasional (Jakarta Pusat),Monas (Jakarta Pusat)
Pantai Indah Kapuk,Kelapa Gading,12000,35,8,1,TransJakarta+Transfer,-6.1123,106.746,-6.1567,106.909,Pantai Indah Kapuk (Jakarta Utara),Kelapa Gading (Jakarta Utara)
Pantai Indah Kapuk,Kelapa Gading,12000,35,8,1,TransJakarta+Transfer,-6.1123,106.746,-6.1567,106.909,Pantai Indah Kapuk (Jakarta Utara),Kelapa Gading (Jakarta Utara)
Pasar Jatinegara,Jatinegara,800,6,1.5,1,TransJakarta+Transfer,-6.2156,106.879,-6.2156,106.879,Pasar Jatinegara (Jakarta Timur),Jatinegara (Jakarta Timur)
Pasar Jatinegara,Jatinegara,800,6,1.5,1,TransJakarta+Transfer,-6.2156,106.879,-6.2156,106.879,Pasar Jatinegara (Jakarta Timur),Jatinegara (Jakarta Timur)
Pasar Mayestik,Blok M,1200,8,2,1,TransJakarta+Transfer,-6.2423,106.783,-6.2441,106.799,Pasar Mayestik (Jakarta Selatan),Blok M (Jakarta Selatan)
Pasar Mayestik,Blok M,1200,8,2,1,TransJakarta+Transfer,-6.2423,106.783,-6.2441,106.799,Pasar Mayestik (Jakarta Selatan),Blok M (Jakarta Selatan)
Pasar Minggu,Universitas Pancasila,8500,25,6,1,TransJakarta+Transfer,-6.2845,106.846,-6.3423,106.835,Pasar Minggu (Jakarta Selatan),Universitas Pancasila (Jakarta Selatan)
Pasar Minggu,Universitas Pancasila,8500,25,6,1,TransJakarta+Transfer,-6.2845,106.846,-6.3423,106.835,Pasar Minggu (Jakarta Selatan),Universitas Pancasila (Jakarta Selatan)
Pasar Minggu,Ragunan Zoo,6500,20,5,1,TransJakarta+Transfer,-6.2845,106.846,-6.3123,106.823,Pasar Minggu (Jakarta Selatan),Ragunan Zoo (Jakarta Selatan)
Pasar Minggu,Ragunan Zoo,6500,20,5,1,TransJakarta+Transfer,-6.2845,106.846,-6.3123,106.823,Pasar Minggu (Jakarta Selatan),Ragunan Zoo (Jakarta Selatan)
Pasar Minggu,Terminal Pasar Minggu,600,5,1.5,1,TransJakarta+Transfer,-6.2845,106.846,-6.2845,106.846,Pasar Minggu (Jakarta Selatan),Terminal Pasar Minggu (Jakarta Selatan)
Pasar Minggu,Terminal Pasar Minggu,600,5,1.5,1,TransJakarta+Transfer,-6.2845,106.846,-6.2845,106.846,Pasar Minggu (Jakarta Selatan),Terminal Pasar Minggu (Jakarta Selatan)
Pasar Rebo,Cawang,4500,18,3.5,1,TransJakarta+Transfer,-6.2789,106.893,-6.2411,106.874,Pasar Rebo (Jakarta Timur),Cawang (Jakarta Timur)
Pasar Rebo,Cawang,4500,18,3.5,1,TransJakarta+Transfer,-6.2789,106.893,-6.2411,106.874,Pasar Rebo (Jakarta Timur),Cawang (Jakarta Timur)
Pasar Senen,Gambir,2200,4,3,0,TransJakarta,-6.1756,106.844,-6.1734,106.829,Pasar Senen (Jakarta Pusat),Gambir (Jakarta Pusat)
Pasar Senen,Gambir,2200,4,3,0,TransJakarta,-6.1756,106.844,-6.1734,106.829,Pasar Senen (Jakarta Pusat),Gambir (Jakarta Pusat)
Pasar Senen,Gang Sentiong,1500,3,3,0,TransJakarta,-6.1756,106.844,-6.1678,106.848,Pasar Senen (Jakarta Pusat),Gang Sentiong (Jakarta Pusat)
Pasar Senen,Gang Sentiong,1500,3,3,0,TransJakarta,-6.1756,106.844,-6.1678,106.848,Pasar Senen (Jakarta Pusat),Gang Sentiong (Jakarta Pusat)
Pasar Senen,Jatinegara,6500,12,3,0,TransJakarta,-6.1756,106.844,-6.2156,106.879,Pasar Senen (Jakarta Pusat),Jatinegara (Jakarta Timur)
Pasar Senen,Jatinegara,6500,12,3,0,TransJakarta,-6.1756,106.844,-6.2156,106.879,Pasar Senen (Jakarta Pusat),Jatinegara (Jakarta Timur)
Pasar Senen,Terminal Senen,400,3,1.2,1,TransJakarta+Transfer,-6.1756,106.844,-6.1756,106.844,Pasar Senen (Jakarta Pusat),Terminal Senen (Jakarta Pusat)
Pasar Senen,Terminal Senen,400,3,1.2,1,TransJakarta+Transfer,-6.1756,106.844,-6.1756,106.844,Pasar Senen (Jakarta Pusat),Terminal Senen (Jakarta Pusat)
Pasar Tanah Abang,Tanah Abang,300,3,1,1,TransJakarta+Transfer,-6.1856,106.813,-6.1856,106.813,Pasar Tanah Abang (Jakarta Pusat),Tanah Abang (Jakarta Pusat)
Pasar Tanah Abang,Tanah Abang,300,3,1,1,TransJakarta+Transfer,-6.1856,106.813,-6.1856,106.813,Pasar Tanah Abang (Jakarta Pusat),Tanah Abang (Jakarta Pusat)
Pegangsaan Dua LRT,Boulevard Selatan LRT,3200,6,5,0,TransJakarta,-6.1734,106.882,-6.1945,106.879,Pegangsaan Dua LRT (Jakarta Utara),Boulevard Selatan LRT (Jakarta Timur)
Pegangsaan Dua LRT,Boulevard Selatan LRT,3200,6,5,0,TransJakarta,-6.1734,106.882,-6.1945,106.879,Pegangsaan Dua LRT (Jakarta Utara),Boulevard Selatan LRT (Jakarta Timur)
Pegangsaan Dua LRT,Pulomas LRT,2500,5,5,0,TransJakarta,-6.1734,106.882,-6.1867,106.89,Pegangsaan Dua LRT (Jakarta Utara),Pulomas LRT (Jakarta Timur)
Pegangsaan Dua LRT,Pulomas LRT,2500,5,5,0,TransJakarta,-6.1734,106.882,-6.1867,106.89,Pegangsaan Dua LRT (Jakarta Utara),Pulomas LRT (Jakarta Timur)
Plaza Indonesia,Bundaran HI,400,4,0,1,TransJakarta+Transfer,-6.1933,106.822,-6.1944,106.823,Plaza Indonesia (Jakarta Pusat),Bundaran HI (Jakarta Pusat)
Plaza Indonesia,Bundaran HI,400,4,0,1,TransJakarta+Transfer,-6.1933,106.822,-6.1944,106.823,Plaza Indonesia (Jakarta Pusat),Bundaran HI (Jakarta Pusat)
Plaza Senayan,Senayan,700,7,0,1,TransJakarta+Transfer,-6.2267,106.803,-6.2296,106.802,Plaza Senayan (Jakarta Pusat),Senayan (Jakarta Selatan)
Plaza Senayan,Senayan,700,7,0,1,TransJakarta+Transfer,-6.2267,106.803,-6.2296,106.802,Plaza Senayan (Jakarta Pusat),Senayan (Jakarta Selatan)
Pluit,Ancol,6500,20,5,1,TransJakarta+Transfer,-6.1234,106.783,-6.1234,106.846,Pluit (Jakarta Utara),Ancol (Jakarta Utara)
Pluit,Ancol,6500,20,5,1,TransJakarta+Transfer,-6.1234,106.783,-6.1234,106.846,Pluit (Jakarta Utara),Ancol (Jakarta Utara)
Pondok Indah,Terminal Lebak Bulus,3500,12,4,1,TransJakarta+Transfer,-6.2669,106.784,-6.2891,106.775,Pondok Indah (Jakarta Selatan),Terminal Lebak Bulus (Jakarta Selatan)
Pondok Indah,Terminal Lebak Bulus,3500,12,4,1,TransJakarta+Transfer,-6.2669,106.784,-6.2891,106.775,Pondok Indah (Jakarta Selatan),Terminal Lebak Bulus (Jakarta Selatan)
Pondok Indah,Pondok Indah Mall,800,6,2,1,TransJakarta+Transfer,-6.2669,106.784,-6.2669,106.784,Pondok Indah (Jakarta Selatan),Pondok Indah Mall (Jakarta Selatan)
Pondok Indah,Pondok Indah Mall,800,6,2,1,TransJakarta+Transfer,-6.2669,106.784,-6.2669,106.784,Pondok Indah (Jakarta Selatan),Pondok Indah Mall (Jakarta Selatan)
Pondok Indah Mall,Pondok Indah,800,6,2,1,TransJakarta+Transfer,-6.2669,106.784,-6.2669,106.784,Pondok Indah Mall (Jakarta Selatan),Pondok Indah (Jakarta Selatan)
Pondok Indah Mall,Pondok Indah,800,6,2,1,TransJakarta+Transfer,-6.2669,106.784,-6.2669,106.784,Pondok Indah Mall (Jakarta Selatan),Pondok Indah (Jakarta Selatan)
Pulo Gadung,Kampung Melayu,8000,20,3.5,0,TransJakarta,-6.1934,106.896,-6.2234,106.859,Pulo Gadung (Jakarta Timur),Kampung Melayu (Jakarta Timur)
Pulo Gadung,Kampung Melayu,8000,20,3.5,0,TransJakarta,-6.1934,106.896,-6.2234,106.859,Pulo Gadung (Jakarta Timur),Kampung Melayu (Jakarta Timur)
Pulo Gadung,Sunter,8500,22,3.5,0,TransJakarta,-6.1934,106.896,-6.1445,106.879,Pulo Gadung (Jakarta Timur),Sunter (Jakarta Utara)
Pulo Gadung,Sunter,8500,22,3.5,0,TransJakarta,-6.1934,106.896,-6.1445,106.879,Pulo Gadung (Jakarta Timur),Sunter (Jakarta Utara)
Pulo Gadung,Terminal Pulogadung,800,8,2.5,1,TransJakarta+Transfer,-6.1934,106.896,-6.203,106.898,Pulo Gadung (Jakarta Timur),Terminal Pulogadung (Jakarta Timur)
Pulo Gadung,Terminal Pulogadung,800,8,2.5,1,TransJakarta+Transfer,-6.1934,106.896,-6.203,106.898,Pulo Gadung (Jakarta Timur),Terminal Pulogadung (Jakarta Timur)
Pulomas LRT,Pegangsaan Dua LRT,2500,5,5,0,TransJakarta,-6.1867,106.89,-6.1734,106.882,Pulomas LRT (Jakarta Timur),Pegangsaan Dua LRT (Jakarta Utara)
Pulomas LRT,Pegangsaan Dua LRT,2500,5,5,0,TransJakarta,-6.1867,106.89,-6.1734,106.882,Pulomas LRT (Jakarta Timur),Pegangsaan Dua LRT (Jakarta Utara)
Pulomas LRT,Equestrian LRT,3800,7,5,0,TransJakarta,-6.1867,106.89,-6.2034,106.893,Pulomas LRT (Jakarta Timur),Equestrian LRT (Jakarta Timur)
Pulomas LRT,Equestrian LRT,3800,7,5,0,TransJakarta,-6.1867,106.89,-6.2034,106.893,Pulomas LRT (Jakarta Timur),Equestrian LRT (Jakarta Timur)
Pulomas LRT,RS Persahabatan,3500,15,4.5,1,TransJakarta+Transfer,-6.1867,106.89,-6.1789,106.896,Pulomas LRT (Jakarta Timur),RS Persahabatan (Jakarta Timur)
Pulomas LRT,RS Persahabatan,3500,15,4.5,1,TransJakarta+Transfer,-6.1867,106.89,-6.1789,106.896,Pulomas LRT (Jakarta Timur),RS Persahabatan (Jakarta Timur)
Puri Indah,Grogol,8500,25,6,1,TransJakarta+Transfer,-6.1734,106.734,-6.1567,106.789,Puri Indah (Jakarta Barat),Grogol (Jakarta Barat)
Puri Indah,Grogol,8500,25,6,1,TransJakarta+Transfer,-6.1734,106.734,-6.1567,106.789,Puri Indah (Jakarta Barat),Grogol (Jakarta Barat)
RS Dharmais,Tomang,2500,12,4,1,TransJakarta+Transfer,-6.1834,106.792,-6.1678,106.799,RS Dharmais (Jakarta Barat),Tomang (Jakarta Barat)
RS Dharmais,Tomang,2500,12,4,1,TransJakarta+Transfer,-6.1834,106.792,-6.1678,106.799,RS Dharmais (Jakarta Barat),Tomang (Jakarta Barat)
RS Fatmawati,Fatmawati MRT,800,8,2,1,TransJakarta+Transfer,-6.2628,106.793,-6.2628,106.793,RS Fatmawati (Jakarta Selatan),Fatmawati MRT (Jakarta Selatan)
RS Fatmawati,Fatmawati MRT,800,8,2,1,TransJakarta+Transfer,-6.2628,106.793,-6.2628,106.793,RS Fatmawati (Jakarta Selatan),Fatmawati MRT (Jakarta Selatan)
RS Harapan Kita,Grogol,3500,15,4.5,1,TransJakarta+Transfer,-6.1567,106.783,-6.1567,106.789,RS Harapan Kita (Jakarta Barat),Grogol (Jakarta Barat)
RS Harapan Kita,Grogol,3500,15,4.5,1,TransJakarta+Transfer,-6.1567,106.783,-6.1567,106.789,RS Harapan Kita (Jakarta Barat),Grogol (Jakarta Barat)
RS Persahabatan,Pulomas LRT,3500,15,4.5,1,TransJakarta+Transfer,-6.1789,106.896,-6.1867,106.89,RS Persahabatan (Jakarta Timur),Pulomas LRT (Jakarta Timur)
RS Persahabatan,Pulomas LRT,3500,15,4.5,1,TransJakarta+Transfer,-6.1789,106.896,-6.1867,106.89,RS Persahabatan (Jakarta Timur),Pulomas LRT (Jakarta Timur)
RS Tarakan,Sunter,4200,18,5,1,TransJakarta+Transfer,-6.1234,106.879,-6.1445,106.879,RS Tarakan (Jakarta Pusat),Sunter (Jakarta Utara)
RS Tarakan,Sunter,4200,18,5,1,TransJakarta+Transfer,-6.1234,106.879,-6.1445,106.879,RS Tarakan (Jakarta Pusat),Sunter (Jakarta Utara)
RSUD Pasar Rebo,Cawang,6500,22,6,1,TransJakarta+Transfer,-6.2789,106.893,-6.2411,106.874,RSUD Pasar Rebo (Jakarta Timur),Cawang (Jakarta Timur)
RSUD Pasar Rebo,Cawang,6500,22,6,1,TransJakarta+Transfer,-6.2789,106.893,-6.2411,106.874,RSUD Pasar Rebo (Jakarta Timur),Cawang (Jakarta Timur)
RSUPN Cipto Mangunkusumo,Harmoni,2800,12,4,1,TransJakarta+Transfer,-6.1867,106.835,-6.1652,106.813,RSUPN Cipto Mangunkusumo (Jakarta Pusat),Harmoni (Jakarta Pusat)
RSUPN Cipto Mangunkusumo,Harmoni,2800,12,4,1,TransJakarta+Transfer,-6.1867,106.835,-6.1652,106.813,RSUPN Cipto Mangunkusumo (Jakarta Pusat),Harmoni (Jakarta Pusat)
Ragunan Zoo,Blok M,6500,18,3.5,0,TransJakarta,-6.3123,106.823,-6.2441,106.799,Ragunan Zoo (Jakarta Selatan),Blok M (Jakarta Selatan)
Ragunan Zoo,Blok M,6500,18,3.5,0,TransJakarta,-6.3123,106.823,-6.2441,106.799,Ragunan Zoo (Jakarta Selatan),Blok M (Jakarta Selatan)
Ragunan Zoo,Pasar Minggu,6500,20,5,1,TransJakarta+Transfer,-6.3123,106.823,-6.2845,106.846,Ragunan Zoo (Jakarta Selatan),Pasar Minggu (Jakarta Selatan)
Ragunan Zoo,Pasar Minggu,6500,20,5,1,TransJakarta+Transfer,-6.3123,106.823,-6.2845,106.846,Ragunan Zoo (Jakarta Selatan),Pasar Minggu (Jakarta Selatan)
Rajawali,Kemayoran,2500,5,3,0,TransJakarta,-6.1456,106.853,-6.1567,106.851,Rajawali (Jakarta Utara),Kemayoran (Jakarta Pusat)
Rajawali,Kemayoran,2500,5,3,0,TransJakarta,-6.1456,106.853,-6.1567,106.851,Rajawali (Jakarta Utara),Kemayoran (Jakarta Pusat)
Rajawali,Kampung Bandan KRL,2800,5,3,0,TransJakarta,-6.1456,106.853,-6.1289,106.828,Rajawali (Jakarta Utara),Kampung Bandan KRL (Jakarta Utara)
Rajawali,Kampung Bandan KRL,2800,5,3,0,TransJakarta,-6.1456,106.853,-6.1289,106.828,Rajawali (Jakarta Utara),Kampung Bandan KRL (Jakarta Utara)
SCBD,Setiabudi,2200,12,4,1,TransJakarta+Transfer,-6.2267,106.812,-6.2139,106.826,SCBD (Jakarta Selatan),Setiabudi (Jakarta Selatan)
SCBD,Setiabudi,2200,12,4,1,TransJakarta+Transfer,-6.2267,106.812,-6.2139,106.826,SCBD (Jakarta Selatan),Setiabudi (Jakarta Selatan)
Senayan,Blok M,3000,9,3.5,0,TransJakarta,-6.2296,106.802,-6.2441,106.799,Senayan (Jakarta Selatan),Blok M (Jakarta Selatan)
Senayan,Blok M,3000,9,3.5,0,TransJakarta,-6.2296,106.802,-6.2441,106.799,Senayan (Jakarta Selatan),Blok M (Jakarta Selatan)
Senayan,Bundaran HI,4500,12,3.5,0,TransJakarta,-6.2296,106.802,-6.1944,106.823,Senayan (Jakarta Selatan),Bundaran HI (Jakarta Pusat)
Senayan,Bundaran HI,4500,12,3.5,0,TransJakarta,-6.2296,106.802,-6.1944,106.823,Senayan (Jakarta Selatan),Bundaran HI (Jakarta Pusat)
Senayan,Senayan MRT,300,3,0,0,TransJakarta,-6.2296,106.802,-6.2296,106.802,Senayan (Jakarta Selatan),Senayan MRT (Jakarta Selatan)
Senayan,Senayan MRT,300,3,0,0,TransJakarta,-6.2296,106.802,-6.2296,106.802,Senayan (Jakarta Selatan),Senayan MRT (Jakarta Selatan)
Senayan,Senayan City,600,6,0,1,TransJakarta+Transfer,-6.2296,106.802,-6.2234,106.801,Senayan (Jakarta Selatan),Senayan City (Jakarta Pusat)
Senayan,Senayan City,600,6,0,1,TransJakarta+Transfer,-6.2296,106.802,-6.2234,106.801,Senayan (Jakarta Selatan),Senayan City (Jakarta Pusat)
Senayan,Plaza Senayan,700,7,0,1,TransJakarta+Transfer,-6.2296,106.802,-6.2267,106.803,Senayan (Jakarta Selatan),Plaza Senayan (Jakarta Pusat)
Senayan,Plaza Senayan,700,7,0,1,TransJakarta+Transfer,-6.2296,106.802,-6.2267,106.803,Senayan (Jakarta Selatan),Plaza Senayan (Jakarta Pusat)
Senayan,DPR RI,2800,12,4,1,TransJakarta+Transfer,-6.2296,106.802,-6.2089,106.801,Senayan (Jakarta Selatan),DPR RI (Jakarta Pusat)
Senayan,DPR RI,2800,12,4,1,TransJakarta+Transfer,-6.2296,106.802,-6.2089,106.801,Senayan (Jakarta Selatan),DPR RI (Jakarta Pusat)
Senayan,Gelora Bung Karno,1200,8,3,1,TransJakarta+Transfer,-6.2296,106.802,-6.2189,106.801,Senayan (Jakarta Selatan),Gelora Bung Karno (Jakarta Pusat)
Senayan,Gelora Bung Karno,1200,8,3,1,TransJakarta+Transfer,-6.2296,106.802,-6.2189,106.801,Senayan (Jakarta Selatan),Gelora Bung Karno (Jakarta Pusat)
Senayan,Senayan Sports Complex,800,6,2.5,1,TransJakarta+Transfer,-6.2296,106.802,-6.2234,106.802,Senayan (Jakarta Selatan),Senayan Sports Complex (Jakarta Pusat)
Senayan,Senayan Sports Complex,800,6,2.5,1,TransJakarta+Transfer,-6.2296,106.802,-6.2234,106.802,Senayan (Jakarta Selatan),Senayan Sports Complex (Jakarta Pusat)
Senayan City,Senayan,600,6,0,1,TransJakarta+Transfer,-6.2234,106.801,-6.2296,106.802,Senayan City (Jakarta Pusat),Senayan (Jakarta Selatan)
Senayan City,Senayan,600,6,0,1,TransJakarta+Transfer,-6.2234,106.801,-6.2296,106.802,Senayan City (Jakarta Pusat),Senayan (Jakarta Selatan)
Senayan MRT,ASEAN MRT,1200,2,14,0,MRT/LRT,-6.2296,106.802,-6.2376,106.798,Senayan MRT (Jakarta Selatan),ASEAN MRT (Jakarta Selatan)
Senayan MRT,ASEAN MRT,1200,2,14,0,MRT/LRT,-6.2296,106.802,-6.2376,106.798,Senayan MRT (Jakarta Selatan),ASEAN MRT (Jakarta Selatan)
Senayan MRT,Istora Mandiri MRT,2800,5,14,0,MRT/LRT,-6.2296,106.802,-6.2176,106.808,Senayan MRT (Jakarta Selatan),Istora Mandiri MRT (Jakarta Pusat)
Senayan MRT,Istora Mandiri MRT,2800,5,14,0,MRT/LRT,-6.2296,106.802,-6.2176,106.808,Senayan MRT (Jakarta Selatan),Istora Mandiri MRT (Jakarta Pusat)
Senayan MRT,Senayan,300,3,0,0,TransJakarta,-6.2296,106.802,-6.2296,106.802,Senayan MRT (Jakarta Selatan),Senayan (Jakarta Selatan)
Senayan MRT,Senayan,300,3,0,0,TransJakarta,-6.2296,106.802,-6.2296,106.802,Senayan MRT (Jakarta Selatan),Senayan (Jakarta Selatan)
Senayan Sports Complex,Senayan,800,6,2.5,1,TransJakarta+Transfer,-6.2234,106.802,-6.2296,106.802,Senayan Sports Complex (Jakarta Pusat),Senayan (Jakarta Selatan)
Senayan Sports Complex,Senayan,800,6,2.5,1,TransJakarta+Transfer,-6.2234,106.802,-6.2296,106.802,Senayan Sports Complex (Jakarta Pusat),Senayan (Jakarta Selatan)
Setiabudi,Dukuh Atas,1800,5,3.5,0,TransJakarta,-6.2139,106.826,-6.2088,106.823,Setiabudi (Jakarta Selatan),Dukuh Atas (Jakarta Pusat)
Setiabudi,Dukuh Atas,1800,5,3.5,0,TransJakarta,-6.2139,106.826,-6.2088,106.823,Setiabudi (Jakarta Selatan),Dukuh Atas (Jakarta Pusat)
Setiabudi,Kota Kasablanka,3500,15,0,1,TransJakarta+Transfer,-6.2139,106.826,-6.2423,106.842,Setiabudi (Jakarta Selatan),Kota Kasablanka (Jakarta Selatan)
Setiabudi,Kota Kasablanka,3500,15,0,1,TransJakarta+Transfer,-6.2139,106.826,-6.2423,106.842,Setiabudi (Jakarta Selatan),Kota Kasablanka (Jakarta Selatan)
Setiabudi,Institut Teknologi Jakarta,4200,18,5,1,TransJakarta+Transfer,-6.2139,106.826,-6.2456,106.857,Setiabudi (Jakarta Selatan),Institut Teknologi Jakarta (Jakarta Selatan)
Setiabudi,Institut Teknologi Jakarta,4200,18,5,1,TransJakarta+Transfer,-6.2139,106.826,-6.2456,106.857,Setiabudi (Jakarta Selatan),Institut Teknologi Jakarta (Jakarta Selatan)
Setiabudi,SCBD,2200,12,4,1,TransJakarta+Transfer,-6.2139,106.826,-6.2267,106.812,Setiabudi (Jakarta Selatan),SCBD (Jakarta Selatan)
Setiabudi,SCBD,2200,12,4,1,TransJakarta+Transfer,-6.2139,106.826,-6.2267,106.812,Setiabudi (Jakarta Selatan),SCBD (Jakarta Selatan)
Setiabudi Astra MRT,Bendungan Hilir MRT,2000,4,14,0,MRT/LRT,-6.2139,106.826,-6.2011,106.819,Setiabudi Astra MRT (Jakarta Selatan),Bendungan Hilir MRT (Jakarta Pusat)
Setiabudi Astra MRT,Bendungan Hilir MRT,2000,4,14,0,MRT/LRT,-6.2139,106.826,-6.2011,106.819,Setiabudi Astra MRT (Jakarta Selatan),Bendungan Hilir MRT (Jakarta Pusat)
Setiabudi Astra MRT,Dukuh Atas MRT,1500,3,14,0,MRT/LRT,-6.2139,106.826,-6.2088,106.823,Setiabudi Astra MRT (Jakarta Selatan),Dukuh Atas MRT (Jakarta Pusat)
Setiabudi Astra MRT,Dukuh Atas MRT,1500,3,14,0,MRT/LRT,-6.2139,106.826,-6.2088,106.823,Setiabudi Astra MRT (Jakarta Selatan),Dukuh Atas MRT (Jakarta Pusat)
Soekarno Hatta Airport,Grogol,25000,60,35,1,MRT/LRT,-6.1256,106.656,-6.1567,106.789,Soekarno Hatta Airport (Tangerang),Grogol (Jakarta Barat)
Soekarno Hatta Airport,Grogol,25000,60,35,1,MRT/LRT,-6.1256,106.656,-6.1567,106.789,Soekarno Hatta Airport (Tangerang),Grogol (Jakarta Barat)
Soekarno Hatta Airport,Cengkareng,15000,35,25,1,MRT/LRT,-6.1256,106.656,-6.1345,106.746,Soekarno Hatta Airport (Tangerang),Cengkareng (Jakarta Barat)
Soekarno Hatta Airport,Cengkareng,15000,35,25,1,MRT/LRT,-6.1256,106.656,-6.1345,106.746,Soekarno Hatta Airport (Tangerang),Cengkareng (Jakarta Barat)
Sudirman CBD,Dukuh Atas,800,6,2.5,1,TransJakarta+Transfer,-6.2089,106.819,-6.2088,106.823,Sudirman CBD (Jakarta Pusat),Dukuh Atas (Jakarta Pusat)
Sudirman CBD,Dukuh Atas,800,6,2.5,1,TransJakarta+Transfer,-6.2089,106.819,-6.2088,106.823,Sudirman CBD (Jakarta Pusat),Dukuh Atas (Jakarta Pusat)
Sunter,Pulo Gadung,8500,22,3.5,0,TransJakarta,-6.1445,106.879,-6.1934,106.896,Sunter (Jakarta Utara),Pulo Gadung (Jakarta Timur)
Sunter,Pulo Gadung,8500,22,3.5,0,TransJakarta,-6.1445,106.879,-6.1934,106.896,Sunter (Jakarta Utara),Pulo Gadung (Jakarta Timur)
Sunter,Kelapa Gading,4200,12,3.5,0,TransJakarta,-6.1445,106.879,-6.1567,106.909,Sunter (Jakarta Utara),Kelapa Gading (Jakarta Utara)
Sunter,Kelapa Gading,4200,12,3.5,0,TransJakarta,-6.1445,106.879,-6.1567,106.909,Sunter (Jakarta Utara),Kelapa Gading (Jakarta Utara)
Sunter,RS Tarakan,4200,18,5,1,TransJakarta+Transfer,-6.1445,106.879,-6.1234,106.879,Sunter (Jakarta Utara),RS Tarakan (Jakarta Pusat)
Sunter,RS Tarakan,4200,18,5,1,TransJakarta+Transfer,-6.1445,106.879,-6.1234,106.879,Sunter (Jakarta Utara),RS Tarakan (Jakarta Pusat)
Sunter,Terminal Rawamangun,6500,20,5,1,TransJakarta+Transfer,-6.1445,106.879,-6.1889,106.893,Sunter (Jakarta Utara),Terminal Rawamangun (Jakarta Timur)
Sunter,Terminal Rawamangun,6500,20,5,1,TransJakarta+Transfer,-6.1445,106.879,-6.1889,106.893,Sunter (Jakarta Utara),Terminal Rawamangun (Jakarta Timur)
Taman Anggrek Mall,Tomang,900,9,0,1,TransJakarta+Transfer,-6.1789,106.791,-6.1678,106.799,Taman Anggrek Mall (Jakarta Barat),Tomang (Jakarta Barat)
Taman Anggrek Mall,Tomang,900,9,0,1,TransJakarta+Transfer,-6.1789,106.791,-6.1678,106.799,Taman Anggrek Mall (Jakarta Barat),Tomang (Jakarta Barat)
Taman Mini Indonesia Indah,Kampung Melayu,12000,35,8,1,TransJakarta+Transfer,-6.3012,106.895,-6.2234,106.859,Taman Mini Indonesia Indah (Jakarta Timur),Kampung Melayu (Jakarta Timur)
Taman Mini Indonesia Indah,Kampung Melayu,12000,35,8,1,TransJakarta+Transfer,-6.3012,106.895,-6.2234,106.859,Taman Mini Indonesia Indah (Jakarta Timur),Kampung Melayu (Jakarta Timur)
Tanah Abang,Tomang,4500,12,3.5,0,TransJakarta,-6.1856,106.813,-6.1678,106.799,Tanah Abang (Jakarta Pusat),Tomang (Jakarta Barat)
Tanah Abang,Tomang,4500,12,3.5,0,TransJakarta,-6.1856,106.813,-6.1678,106.799,Tanah Abang (Jakarta Pusat),Tomang (Jakarta Barat)
Tanah Abang,Harmoni,3500,10,3.5,0,TransJakarta,-6.1856,106.813,-6.1652,106.813,Tanah Abang (Jakarta Pusat),Harmoni (Jakarta Pusat)
Tanah Abang,Harmoni,3500,10,3.5,0,TransJakarta,-6.1856,106.813,-6.1652,106.813,Tanah Abang (Jakarta Pusat),Harmoni (Jakarta Pusat)
Tanah Abang,Gambir,3500,6,3,0,TransJakarta,-6.1856,106.813,-6.1734,106.829,Tanah Abang (Jakarta Pusat),Gambir (Jakarta Pusat)
Tanah Abang,Gambir,3500,6,3,0,TransJakarta,-6.1856,106.813,-6.1734,106.829,Tanah Abang (Jakarta Pusat),Gambir (Jakarta Pusat)
Tanah Abang,Grogol,4800,9,3,0,TransJakarta,-6.1856,106.813,-6.1567,106.789,Tanah Abang (Jakarta Pusat),Grogol (Jakarta Barat)
Tanah Abang,Grogol,4800,9,3,0,TransJakarta,-6.1856,106.813,-6.1567,106.789,Tanah Abang (Jakarta Pusat),Grogol (Jakarta Barat)
Tanah Abang,Pasar Tanah Abang,300,3,1,1,TransJakarta+Transfer,-6.1856,106.813,-6.1856,106.813,Tanah Abang (Jakarta Pusat),Pasar Tanah Abang (Jakarta Pusat)
Tanah Abang,Pasar Tanah Abang,300,3,1,1,TransJakarta+Transfer,-6.1856,106.813,-6.1856,106.813,Tanah Abang (Jakarta Pusat),Pasar Tanah Abang (Jakarta Pusat)
Tanjung Priok,Ancol KRL,4200,8,3,0,TransJakarta,-6.1123,106.879,-6.1234,106.846,Tanjung Priok (Jakarta Utara),Ancol KRL (Jakarta Utara)
Tanjung Priok,Ancol KRL,4200,8,3,0,TransJakarta,-6.1123,106.879,-6.1234,106.846,Tanjung Priok (Jakarta Utara),Ancol KRL (Jakarta Utara)
Tebet,Kampung Melayu,4500,12,3.5,0,TransJakarta,-6.2267,106.857,-6.2234,106.859,Tebet (Jakarta Selatan),Kampung Melayu (Jakarta Timur)
Tebet,Kampung Melayu,4500,12,3.5,0,TransJakarta,-6.2267,106.857,-6.2234,106.859,Tebet (Jakarta Selatan),Kampung Melayu (Jakarta Timur)
Tebet,Manggarai,2800,4,3,0,TransJakarta,-6.2267,106.857,-6.2145,106.846,Tebet (Jakarta Selatan),Manggarai (Jakarta Selatan)
Tebet,Manggarai,2800,4,3,0,TransJakarta,-6.2267,106.857,-6.2145,106.846,Tebet (Jakarta Selatan),Manggarai (Jakarta Selatan)
Terminal Blok M,Blok M,400,4,1.5,1,TransJakarta+Transfer,-6.2441,106.799,-6.2441,106.799,Terminal Blok M (Jakarta Selatan),Blok M (Jakarta Selatan)
Terminal Blok M,Blok M,400,4,1.5,1,TransJakarta+Transfer,-6.2441,106.799,-6.2441,106.799,Terminal Blok M (Jakarta Selatan),Blok M (Jakarta Selatan)
Terminal Cililitan,Cawang,3500,12,3,1,TransJakarta+Transfer,-6.2567,106.873,-6.2411,106.874,Terminal Cililitan (Jakarta Timur),Cawang (Jakarta Timur)
Terminal Cililitan,Cawang,3500,12,3,1,TransJakarta+Transfer,-6.2567,106.873,-6.2411,106.874,Terminal Cililitan (Jakarta Timur),Cawang (Jakarta Timur)
Terminal Grogol,Grogol,500,4,1.5,1,TransJakarta+Transfer,-6.1567,106.789,-6.1567,106.789,Terminal Grogol (Jakarta Barat),Grogol (Jakarta Barat)
Terminal Grogol,Grogol,500,4,1.5,1,TransJakarta+Transfer,-6.1567,106.789,-6.1567,106.789,Terminal Grogol (Jakarta Barat),Grogol (Jakarta Barat)
Terminal Kampung Rambutan,Kampung Melayu,8500,25,6,1,TransJakarta+Transfer,-6.3123,106.873,-6.2234,106.859,Terminal Kampung Rambutan (Jakarta Timur),Kampung Melayu (Jakarta Timur)
Terminal Kampung Rambutan,Kampung Melayu,8500,25,6,1,TransJakarta+Transfer,-6.3123,106.873,-6.2234,106.859,Terminal Kampung Rambutan (Jakarta Timur),Kampung Melayu (Jakarta Timur)
Terminal Lebak Bulus,Lebak Bulus,500,5,1.5,1,TransJakarta+Transfer,-6.2891,106.775,-6.2891,106.775,Terminal Lebak Bulus (Jakarta Selatan),Lebak Bulus (Jakarta Selatan)
Terminal Lebak Bulus,Lebak Bulus,500,5,1.5,1,TransJakarta+Transfer,-6.2891,106.775,-6.2891,106.775,Terminal Lebak Bulus (Jakarta Selatan),Lebak Bulus (Jakarta Selatan)
Terminal Lebak Bulus,Pondok Indah,3500,12,4,1,TransJakarta+Transfer,-6.2891,106.775,-6.2669,106.784,Terminal Lebak Bulus (Jakarta Selatan),Pondok Indah (Jakarta Selatan)
Terminal Lebak Bulus,Pondok Indah,3500,12,4,1,TransJakarta+Transfer,-6.2891,106.775,-6.2669,106.784,Terminal Lebak Bulus (Jakarta Selatan),Pondok Indah (Jakarta Selatan)
Terminal Pasar Minggu,Pasar Minggu,600,5,1.5,1,TransJakarta+Transfer,-6.2845,106.846,-6.2845,106.846,Terminal Pasar Minggu (Jakarta Selatan),Pasar Minggu (Jakarta Selatan)
Terminal Pasar Minggu,Pasar Minggu,600,5,1.5,1,TransJakarta+Transfer,-6.2845,106.846,-6.2845,106.846,Terminal Pasar Minggu (Jakarta Selatan),Pasar Minggu (Jakarta Selatan)
Terminal Pinang Ranti,Cawang,4200,15,4,1,TransJakarta+Transfer,-6.2567,106.894,-6.2411,106.874,Terminal Pinang Ranti (Jakarta Timur),Cawang (Jakarta Timur)
Terminal Pinang Ranti,Cawang,4200,15,4,1,TransJakarta+Transfer,-6.2567,106.894,-6.2411,106.874,Terminal Pinang Ranti (Jakarta Timur),Cawang (Jakarta Timur)
Terminal Pulogadung,Pulo Gadung,800,8,2.5,1,TransJakarta+Transfer,-6.203,106.898,-6.1934,106.896,Terminal Pulogadung (Jakarta Timur),Pulo Gadung (Jakarta Timur)
Terminal Pulogadung,Pulo Gadung,800,8,2.5,1,TransJakarta+Transfer,-6.203,106.898,-6.1934,106.896,Terminal Pulogadung (Jakarta Timur),Pulo Gadung (Jakarta Timur)
Terminal Rawamangun,Sunter,6500,20,5,1,TransJakarta+Transfer,-6.1889,106.893,-6.1445,106.879,Terminal Rawamangun (Jakarta Timur),Sunter (Jakarta Utara)
Terminal Rawamangun,Sunter,6500,20,5,1,TransJakarta+Transfer,-6.1889,106.893,-6.1445,106.879,Terminal Rawamangun (Jakarta Timur),Sunter (Jakarta Utara)
Terminal Senen,Pasar Senen,400,3,1.2,1,TransJakarta+Transfer,-6.1756,106.844,-6.1756,106.844,Terminal Senen (Jakarta Pusat),Pasar Senen (Jakarta Pusat)
Terminal Senen,Pasar Senen,400,3,1.2,1,TransJakarta+Transfer,-6.1756,106.844,-6.1756,106.844,Terminal Senen (Jakarta Pusat),Pasar Senen (Jakarta Pusat)
Thamrin CBD,Bundaran HI,600,5,2.5,1,TransJakarta+Transfer,-6.1889,106.823,-6.1944,106.823,Thamrin CBD (Jakarta Pusat),Bundaran HI (Jakarta Pusat)
Thamrin CBD,Bundaran HI,600,5,2.5,1,TransJakarta+Transfer,-6.1889,106.823,-6.1944,106.823,Thamrin CBD (Jakarta Pusat),Bundaran HI (Jakarta Pusat)
Tomang,Grogol,3200,8,3.5,0,TransJakarta,-6.1678,106.799,-6.1567,106.789,Tomang (Jakarta Barat),Grogol (Jakarta Barat)
Tomang,Grogol,3200,8,3.5,0,TransJakarta,-6.1678,106.799,-6.1567,106.789,Tomang (Jakarta Barat),Grogol (Jakarta Barat)
Tomang,Tanah Abang,4500,12,3.5,0,TransJakarta,-6.1678,106.799,-6.1856,106.813,Tomang (Jakarta Barat),Tanah Abang (Jakarta Pusat)
Tomang,Tanah Abang,4500,12,3.5,0,TransJakarta,-6.1678,106.799,-6.1856,106.813,Tomang (Jakarta Barat),Tanah Abang (Jakarta Pusat)
Tomang,Taman Anggrek Mall,900,9,0,1,TransJakarta+Transfer,-6.1678,106.799,-6.1789,106.791,Tomang (Jakarta Barat),Taman Anggrek Mall (Jakarta Barat)
Tomang,Taman Anggrek Mall,900,9,0,1,TransJakarta+Transfer,-6.1678,106.799,-6.1789,106.791,Tomang (Jakarta Barat),Taman Anggrek Mall (Jakarta Barat)
Tomang,Universitas Trisakti,3200,12,4,1,TransJakarta+Transfer,-6.1678,106.799,-6.1678,106.796,Tomang (Jakarta Barat),Universitas Trisakti (Jakarta Barat)
Tomang,Universitas Trisakti,3200,12,4,1,TransJakarta+Transfer,-6.1678,106.799,-6.1678,106.796,Tomang (Jakarta Barat),Universitas Trisakti (Jakarta Barat)
Tomang,Universitas Tarumanagara,2800,12,4,1,TransJakarta+Transfer,-6.1678,106.799,-6.1734,106.783,Tomang (Jakarta Barat),Universitas Tarumanagara (Jakarta Barat)
Tomang,Universitas Tarumanagara,2800,12,4,1,TransJakarta+Transfer,-6.1678,106.799,-6.1734,106.783,Tomang (Jakarta Barat),Universitas Tarumanagara (Jakarta Barat)
Tomang,RS Dharmais,2500,12,4,1,TransJakarta+Transfer,-6.1678,106.799,-6.1834,106.792,Tomang (Jakarta Barat),RS Dharmais (Jakarta Barat)
Tomang,RS Dharmais,2500,12,4,1,TransJakarta+Transfer,-6.1678,106.799,-6.1834,106.792,Tomang (Jakarta Barat),RS Dharmais (Jakarta Barat)
Universitas Bina Nusantara,Grogol,5500,18,5,1,TransJakarta+Transfer,-6.2789,106.782,-6.1567,106.789,Universitas Bina Nusantara (Jakarta Barat),Grogol (Jakarta Barat)
Universitas Bina Nusantara,Grogol,5500,18,5,1,TransJakarta+Transfer,-6.2789,106.782,-6.1567,106.789,Universitas Bina Nusantara (Jakarta Barat),Grogol (Jakarta Barat)
Universitas Indonesia,Fatmawati,15000,35,8,1,TransJakarta+Transfer,-6.3634,106.823,-6.2628,106.793,Universitas Indonesia (Jakarta Selatan),Fatmawati (Jakarta Selatan)
Universitas Indonesia,Fatmawati,15000,35,8,1,TransJakarta+Transfer,-6.3634,106.823,-6.2628,106.793,Universitas Indonesia (Jakarta Selatan),Fatmawati (Jakarta Selatan)
Universitas Mercu Buana,Grogol,3800,15,4.5,1,TransJakarta+Transfer,-6.2234,106.783,-6.1567,106.789,Universitas Mercu Buana (Jakarta Barat),Grogol (Jakarta Barat)
Universitas Mercu Buana,Grogol,3800,15,4.5,1,TransJakarta+Transfer,-6.2234,106.783,-6.1567,106.789,Universitas Mercu Buana (Jakarta Barat),Grogol (Jakarta Barat)
Universitas Pancasila,Pasar Minggu,8500,25,6,1,TransJakarta+Transfer,-6.3423,106.835,-6.2845,106.846,Universitas Pancasila (Jakarta Selatan),Pasar Minggu (Jakarta Selatan)
Universitas Pancasila,Pasar Minggu,8500,25,6,1,TransJakarta+Transfer,-6.3423,106.835,-6.2845,106.846,Universitas Pancasila (Jakarta Selatan),Pasar Minggu (Jakarta Selatan)
Universitas Tarumanagara,Tomang,2800,12,4,1,TransJakarta+Transfer,-6.1734,106.783,-6.1678,106.799,Universitas Tarumanagara (Jakarta Barat),Tomang (Jakarta Barat)
Universitas Tarumanagara,Tomang,2800,12,4,1,TransJakarta+Transfer,-6.1734,106.783,-6.1678,106.799,Universitas Tarumanagara (Jakarta Barat),Tomang (Jakarta Barat)
Universitas Trisakti,Tomang,3200,12,4,1,TransJakarta+Transfer,-6.1678,106.796,-6.1678,106.799,Universitas Trisakti (Jakarta Barat),Tomang (Jakarta Barat)
Universitas Trisakti,Tomang,3200,12,4,1,TransJakarta+Transfer,-6.1678,106.796,-6.1678,106.799,Universitas Trisakti (Jakarta Barat),Tomang (Jakarta Barat)
Velodrome LRT,Boulevard Utara LRT,2800,5,5,0,TransJakarta,-6.2189,106.866,-6.1889,106.877,Velodrome LRT (Jakarta Timur),Boulevard Utara LRT (Jakarta Timur)
Velodrome LRT,Boulevard Utara LRT,2800,5,5,0,TransJakarta,-6.2189,106.866,-6.1889,106.877,Velodrome LRT (Jakarta Timur),Boulevard Utara LRT (Jakarta Timur)
fx Sudirman,Dukuh Atas,600,5,0,1,TransJakarta+Transfer,-6.2089,106.813,-6.2088,106.823,fx Sudirman (Jakarta Pusat),Dukuh Atas (Jakarta Pusat)
fx Sudirman,Dukuh Atas,600,5,0,1,TransJakarta+Transfer,-6.2089,106.813,-6.2088,106.823,fx Sudirman (Jakarta Pusat),Dukuh Atas (Jakarta Pusat)
